jar,bytes,status,namespaces,namespace_count,has_en_us,has_ko_kr,classification,error
[1.21.1] SecurityCraft v1.10.2.1.jar,5193371,ok,securitycraft,1,True,True,en_and_ko,
[Neoforge]ctov-3.6.3.jar,7139609,ok,ctov,1,True,True,en_and_ko,
accelerated-decay-neoforge-21.0.0.jar,10478,ok,accelerateddecay,1,True,False,en_only,
actuallyadditions-1.3.26+mc1.21.1.jar,3217309,ok,actuallyadditions,1,True,False,en_only,
Ad-Astra-Giselle-Addon-neoforge-1.21.1-8.1.jar,486266,ok,ad_astra_giselle_addon,1,True,True,en_and_ko,
adastra-1.21.1-1.16.19-neoforge.jar,7300701,ok,ad_astra,1,True,True,en_and_ko,
additional_lights-neoforge-1.21-2.1.10.jar,514194,ok,additional_lights,1,True,True,en_and_ko,
AdditionalEnchantedMiner-1.21.1-neoforge-21.1.162.jar,733039,ok,quarryplus,1,True,True,en_and_ko,
AdvancedAE-1.6.12-1.21.1.jar,4791255,ok,advanced_ae,1,True,True,en_and_ko,
AdvancedPeripherals-1.21.1-0.8.0a.jar,1529824,ok,advancedperipherals,1,True,True,en_and_ko,
ae2ct-1.21.1-1.1.1.jar,437906,ok,ae2ct,1,True,False,en_only,
ae2importexportcard-1.21.1-1.6.0.jar,429194,ok,ae2importexportcard,1,True,True,en_and_ko,
ae2jeiintegration-1.2.1.jar,91710,ok,,0,False,False,no_target_language_file,
AE2NetworkAnalyzer-1.21-2.1.5-neoforge.jar,1686091,ok,ae2netanalyser,1,True,False,en_only,
ae2wtlib-19.5.1.jar,252091,ok,ae2wtlib,1,True,True,en_and_ko,
aeinfinitybooster-neoforge-1.21.1-1.0.0.58.jar,30454,ok,aeinfinitybooster,1,True,True,en_and_ko,
aether-1.21.1-1.5.10-neoforge.jar,40223909,ok,aether,1,True,True,en_and_ko,
AI-Improvements-1.21-0.5.3.jar,28984,ok,,0,False,False,no_target_language_file,
AkashicTome-1.8-30.jar,50256,ok,akashictome,1,True,True,en_and_ko,
allthearcanistgear-1.21.1-21.3.2.jar,375904,ok,allthearcanistgear,1,True,False,en_only,
allthecompressed-1.21.1-4.4.0.jar,5901446,ok,allthecompressed,1,True,True,en_and_ko,
alltheleaks-1.1.12+1.21.1-neoforge.jar,562895,ok,,0,False,False,no_target_language_file,
allthemodium-3.0.1_mc_1.21.1.jar,1966440,ok,allthemodium,1,True,False,en_only,
alltheores-3.2.0_neoforge_1.21.1.jar,1645297,ok,alltheores,1,True,True,en_and_ko,
allthetweaks-1.21.1-2.9.4.jar,4919090,ok,allthetweaks,1,True,True,en_and_ko,
allthewizardgear-1.21.1-1.2.0.jar,125549,ok,allthewizardgear,1,True,True,en_and_ko,
almostunified-neoforge-1.21.1-1.4.2.jar,295093,ok,almostunified,1,True,False,en_only,
amendments-1.21-2.1.9-neoforge.jar,1160337,ok,amendments,1,True,True,en_and_ko,
Apotheosis-1.21.1-8.7.0.jar,7142458,ok,apotheosis,1,True,True,en_and_ko,
ApothicAttributes-1.21.1-2.10.1.jar,323264,ok,apothic_attributes,1,True,True,en_and_ko,
ApothicEnchanting-1.21.1-1.6.1.jar,5412607,ok,apothic_enchanting,1,True,True,en_and_ko,
ApothicSpawners-1.21.1-1.4.0.jar,129784,ok,apothic_spawners,1,True,False,en_only,
appleskin-neoforge-mc1.21-3.0.9.jar,75804,ok,appleskin,1,True,True,en_and_ko,
Applied-Mekanistics-1.6.3.jar,149709,ok,appmek,1,True,True,en_and_ko,
appliedenergistics2-19.2.17.jar,8230896,ok,ae2,1,True,True,en_and_ko,
AppliedFlux-1.21-2.1.5-neoforge.jar,345117,ok,appflux,1,True,False,en_only,
Aquaculture-1.21.1-2.7.21.jar,605949,ok,aquaculture,1,True,True,en_and_ko,
architectury-13.0.11-neoforge.jar,584734,ok,,0,False,False,no_target_language_file,
ars_additions-1.21.1-21.3.0.jar,1458261,ok,ars_additions,1,True,False,en_only,
ars_controle-1.21.1-1.6.15.jar,316368,ok,ars_controle,1,True,True,en_and_ko,
ars_creo-1.21.1-5.4.0.jar,95973,ok,ars_creo,1,True,False,en_only,
ars_elemancy-1.21.1-1.18.3.jar,792016,ok,ars_elemancy,1,True,True,en_and_ko,
ars_elemental-1.21.1-0.7.10.1.jar,2260550,ok,ars_elemental,1,True,True,en_and_ko,
ars_nouveau-1.21.1-5.13.1.jar,20107711,ok,ars_nouveau,1,True,True,en_and_ko,
ars_ocultas-1.21.1-2.6.1.jar,85133,ok,ars_ocultas,1,True,False,en_only,
ars_polymorphia-1.0.3.jar,20201,ok,,0,False,False,no_target_language_file,
ars_technica-1.21.1-2.7.6.jar,3691171,ok,ars_technica,1,True,False,en_only,
ars_unification-1.2.20.jar,105944,ok,ars_unification,1,True,False,en_only,
arseng-2.1.1-beta.jar,123229,ok,arseng,1,True,False,en_only,
artifacts-neoforge-13.2.3.jar,1086882,ok,artifacts,1,True,True,en_and_ko,
athena-neoforge-1.21.1-4.0.6.jar,99944,ok,,0,False,False,no_target_language_file,
atlas_api-1.21.1-1.2.0.jar,28419,ok,,0,False,False,no_target_language_file,
attributefix-neoforge-1.21.1-21.1.3.jar,19809,ok,,0,False,False,no_target_language_file,
auroral-1.21.1-1.1.1.jar,2108786,ok,auroral,1,True,False,en_only,
Auroras-1.21-1.6.2.jar,2116122,ok,auroras,1,True,False,en_only,
balm-neoforge-1.21.1-21.0.65.jar,783793,ok,balm,1,True,False,en_only,
baubley-heart-canisters-1.21.1-1.4.1.jar,172210,ok,bhc,1,True,True,en_and_ko,
bellsandwhistles-0.4.7-1.21.1.jar,193619,ok,bellsandwhistles,1,True,True,en_and_ko,
better-advanced-tooltips-2101.1.0-build.5.jar,37653,ok,betteradvancedtooltips,1,True,False,en_only,
better-compatability-checker-neoforge-21.1.8.jar,25085,ok,bcc,1,True,False,en_only,
BetterAdvancements-NeoForge-1.21.1-0.4.3.21.jar,98641,ok,betteradvancements,1,True,False,en_only,
bibliobiomes-1.21.1-1.6.1.jar,20181755,ok,bibliobiomes,1,True,False,en_only,
bibliocraft-1.21.1-1.6.5.jar,5471083,ok,bibliocraft,1,True,False,en_only,
bibliowoods-1.21.1-1.6.2.jar,23234306,ok,bibliowoods,1,True,False,en_only,
blockui-1.0.211-1.21.1-snapshot.jar,468147,ok,blockui,1,True,False,en_only,
blueflame-1.21.1-1.1.1.jar,17921,ok,,0,False,False,no_target_language_file,
bookshelf-neoforge-1.21.1-21.1.81.jar,328813,ok,bookshelf,1,True,False,en_only,
borderless-neoforge-1.21.1-1.7.5_1-all.jar,47359,ok,borderless,1,True,False,en_only,
botanypots-neoforge-1.21.1-21.1.44.jar,1068816,ok,botanypots,1,True,False,en_only,
botanypotsmystical-neoforge-1.21.1-21.1.12.jar,89696,ok,,0,False,False,no_target_language_file,
botanytrees-neoforge-1.21.1-21.1.7.jar,341853,ok,,0,False,False,no_target_language_file,
BrandonsCore-1.21.1-3.2.1.309.jar,1385131,ok,brandonscore,1,True,False,en_only,
BridgingMod-2.6.2+1.21.1.neoforge-release.jar,5924051,ok,bridgingmod,1,True,False,en_only,
buildinggadgets2-1.3.9.jar,3858597,ok,buildinggadgets2,1,True,False,en_only,
bwncr-neoforge-1.21.1-3.20.4.jar,28573,ok,bwncr,1,True,False,en_only,
Byzantine-1.21.1-51.jar,16077350,ok,,0,False,False,no_target_language_file,
cabletiers-neoforge-1.21.1-0.6.14.jar,1513344,ok,cabletiers,1,True,False,en_only,
caelus-neoforge-7.0.1+1.21.1.jar,50235,ok,caelus,1,True,True,en_and_ko,
camol-1.21.1-0.3.1.jar,62188,ok,camol,1,True,False,en_only,
catjammies-1.21-1.7.1.jar,8784,ok,,0,False,False,no_target_language_file,
cc-tweaked-1.21.1-forge-1.113.1.jar,3094722,ok,computercraft,1,True,True,en_and_ko,
cc-tweaked-1.21.1-forge-1.120.2.jar,3126327,ok,computercraft,1,True,True,en_and_ko,
charginggadgets-1.14.1.jar,67206,ok,charginggadgets,1,True,True,en_and_ko,
chipped-neoforge-1.21.1-4.0.2.jar,15020578,ok,chipped,1,True,False,en_only,
chisel-neoforge-2.0.1+mc1.21.1.jar,8268524,ok,chisel,1,True,False,en_only,
chromacarvings-1.21.1-0.2.0.jar,268974,ok,chromacarvings,1,True,False,en_only,
cleanswing-1.9.jar,8449,ok,,0,False,False,no_target_language_file,
cloth-config-15.0.140-neoforge.jar,1163890,ok,cloth-config2,1,True,True,en_and_ko,
CloudGlass-1.21.1-1.0.2.jar,81228,ok,cloudglass,1,True,False,en_only,
Clumps-neoforge-1.21.1-19.0.0.1.jar,18382,ok,,0,False,False,no_target_language_file,
cobblegengalore-1.21.1-0.2.9.jar,88880,ok,cobblegengalore,1,True,False,en_only,
cobweb-neoforge-1.21-1.4.0.jar,410948,ok,,0,False,False,no_target_language_file,
CodeChickenLib-1.21.1-4.6.1.529.jar,1538382,ok,codechickenlib,1,True,False,en_only,
colorfulhearts-neoforge-1.21.1-10.5.9.jar,156588,ok,colorfulhearts,1,True,False,en_only,
colorwheel-neoforge-1.2.9+mc1.21.1.jar,398004,ok,colorwheel,1,True,False,en_only,
colorwheel_patcher-neoforge-1.0.5+mc1.21.1.jar,210569,ok,,0,False,False,no_target_language_file,
comforts-neoforge-9.0.5+1.21.1.jar,422658,ok,comforts,1,True,True,en_and_ko,
common-storage-lib-neoforge-1.21.1-0.0.10.jar,309860,ok,common_storage_lib,1,True,False,en_only,
commoncapabilities-1.21.1-neoforge-2.11.5-363.jar,283956,ok,commoncapabilities,1,True,True,en_and_ko,
compactmachines-neoforge-7.0.81.jar,684420,ok,compactmachines,1,True,False,en_only,
connectedglass-1.1.14-neoforge-mc1.21.jar,819976,ok,connectedglass,1,True,True,en_and_ko,
connectivity-1.21.1-7.6.jar,114165,ok,,0,False,False,no_target_language_file,
ConstructionSticks-1.21.1-1.4.2.jar,264498,ok,constructionstick,1,True,False,en_only,
Controlling-neoforge-1.21.1-19.0.5.jar,77555,ok,controlling,1,True,True,en_and_ko,
cookingforblockheads-neoforge-1.21.1-21.1.24.jar,1266042,ok,cookingforblockheads,1,True,True,en_and_ko,
Corgilib-NeoForge-1.21.1-5.0.0.9.jar,309763,ok,,0,False,False,no_target_language_file,
cosmeticarmorreworked-1.21.1-v1-neoforge.jar,92722,ok,cosmeticarmorreworked,1,True,True,en_and_ko,
crafting_on_a_stick-1.21.0.6.jar,78732,ok,crafting_on_a_stick,1,True,True,en_and_ko,
craftingtweaks-neoforge-1.21.1-21.1.11.jar,256086,ok,craftingtweaks,1,True,False,en_only,
CrashAssistant-neoforge-1.20.6-1.21.4-1.11.12.jar,3481341,ok,,0,False,False,no_target_language_file,
crashutilities-9.0.4.jar,225310,ok,crashutilities,1,True,False,en_only,
create-1.21.1-6.0.10.jar,19123767,ok,create,1,True,True,en_and_ko,
create-enchantment-industry-2.5.3b.jar,1606407,ok,create_dragons_plus;create_enchantment_industry,2,True,False,en_only,
create_aquatic_ambitions-1.21.1-2.0.4.jar,1074131,ok,create_aquatic_ambitions,1,True,False,en_only,
create_hypertube-0.6.0-NEOFORGE.jar,546142,ok,create_hypertube,1,True,True,en_and_ko,
createaddition-1.7.0.jar,1705668,ok,createaddition,1,True,True,en_and_ko,
CreateDragonsPlus-1.11.7b.jar,1038830,ok,create_dragons_plus,1,True,False,en_only,
CreeperOverhaul-neoforge-1.21.1-4.0.6.jar,1185088,ok,creeperoverhaul,1,True,True,en_and_ko,
cristellib-neoforge-1.21.1-3.1.7.jar,583525,ok,cristellib,1,True,False,en_only,
cryonicconfig-neoforge-1.0.0+mc1.21.11.jar,133851,ok,,0,False,False,no_target_language_file,
crystalix-3.0.0.jar,817004,ok,crystalix,1,True,False,en_only,
CTM-1.21-1.2.1+3.jar,240791,ok,ctm,1,True,False,en_only,
Cucumber-1.21.1-8.0.16.jar,275588,ok,cucumber,1,True,True,en_and_ko,
cupboard-1.21.1-4.1.jar,30206,ok,,0,False,False,no_target_language_file,
curios-neoforge-9.5.1+1.21.1.jar,410690,ok,curios,1,True,True,en_and_ko,
cyclopscore-1.21.1-neoforge-1.29.3.jar,1161302,ok,cyclopscore,1,True,True,en_and_ko,
darkmodeeverywhere-neoforge-1.21.1-1.4.0.jar,39416,ok,darkmodeeverywhere,1,True,False,en_only,
deeperdarker-neoforge-1.21.1-1.4.1.jar,3906057,ok,deeperdarker,1,True,True,en_and_ko,
deimos-1.21.1-neoforge-2.7.jar,49576,ok,,0,False,False,no_target_language_file,
DimStorage-1.21.1-9.1.1.jar,179454,ok,dimstorage,1,True,True,en_and_ko,
disenchanting_table-merged-1.21.1-5.0.2.jar,306197,ok,disenchanting_table,1,True,False,en_only,
domum-ornamentum-1.0.234-snapshot-main.jar,1151596,ok,domum_ornamentum,1,True,False,en_only,
Draconic-Evolution-1.21.1-3.1.4.632.jar,6045942,ok,draconicevolution,1,True,False,en_only,
drippyloadingscreen_neoforge_3.1.5_MC_1.21.1.jar,168632,ok,drippyloadingscreen,1,True,False,en_only,
dummmmmmy-neoforge-1.21-2.1.0.jar,214030,ok,dummmmmmy,1,True,True,en_and_ko,
DungeonCrawl-NeoForge-1.21-2.3.17.jar,738480,ok,,0,False,False,no_target_language_file,
DungeonsArise-1.21.1-2.1.68-release.jar,11842679,ok,dungeons_arise,1,True,False,en_only,
dyenamics-1.21.1-3.4.2.jar,1198641,ok,dyenamics,1,True,False,en_only,
dyenamicsandfriends-1.21.1-2.2.2.jar,8361784,ok,dyenamicsandfriends,1,True,False,en_only,
dysoncubeproject-1.0.5.jar,538975,ok,dysoncubeproject,1,True,False,en_only,
easy-villagers-neoforge-1.21.1-1.1.42.jar,456700,ok,easy_villagers,1,True,True,en_and_ko,
EdivadLib-1.21-3.0.0.jar,14133,ok,,0,False,False,no_target_language_file,
elevatorid-neoforge-1.21.1-1.11.4.jar,191190,ok,elevatorid,1,True,True,en_and_ko,
enchdesc-neoforge-1.21.1-21.1.11.jar,82648,ok,enchdesc,1,True,True,en_and_ko,
enderdrives-neoforge-1.21.1-1.5.23.jar,506598,ok,enderdrives,1,True,False,en_only,
enderio-8.2.11-beta.jar,6592813,ok,enderio,1,True,True,en_and_ko,
endermanoverhaul-neoforge-1.21.1-2.0.3.jar,1330403,ok,endermanoverhaul,1,True,False,en_only,
EnderStorage-1.21.1-2.13.0.191.jar,264089,ok,enderstorage,1,True,True,en_and_ko,
energymeter-neoforge-1.21.1-0.5.2.jar,397310,ok,energymeter,1,True,False,en_only,
entangled-1.3.21-neoforge-mc1.21.jar,130872,ok,entangled,1,True,True,en_and_ko,
eternalstarlight-0.9.0+1.21.1+neoforge.jar,53135932,ok,eternal_starlight,1,True,False,en_only,
EuphoriaPatcher-1.9.3-r5.8.1-neoforge.jar,4210708,ok,,0,False,False,no_target_language_file,
everythingcopper-1.21.1-2.4.5.jar,620493,ok,everythingcopper,1,True,False,en_only,
evilcraft-1.21.1-neoforge-1.2.94.jar,2842684,ok,evilcraft;evilcraftcompat,2,True,True,en_and_ko,
expandedae-2.1.1.jar,496713,ok,expandedae,1,True,False,en_only,
experiencelib-1.21.1-1.2.1.jar,169856,ok,,0,False,False,no_target_language_file,
ExplorersCompass-1.21.1-3.4.0-neoforge.jar,174668,ok,explorerscompass,1,True,False,en_only,
Explorify v1.6.5.mod.jar,767884,ok,,0,False,False,no_target_language_file,
extended-industrialization-1.16.2-1.21.1.jar,2184894,ok,extended_industrialization,1,True,False,en_only,
ExtendedAE-1.21-2.2.35-neoforge.jar,5578031,ok,extendedae,1,True,True,en_and_ko,
ExtraDisks-1.21.1-4.0.15.jar,343628,ok,extradisks,1,True,True,en_and_ko,
ExtraStorage-1.21.1-5.0.10.jar,409193,ok,extrastorage,1,True,True,en_and_ko,
ExtremeReactors2-1.21.1-2.4.28.jar,2554779,ok,bigreactors,1,True,False,en_only,
ExtremeSoundMuffler-3.56_NeoForge-1.21.jar,270115,ok,extremesoundmuffler,1,True,False,en_only,
factory_blocks-neoforge-1.4.0+mc1.21.1.jar,809234,ok,factory_blocks,1,True,False,en_only,
fancymenu_neoforge_3.9.12_MC_1.21.1.jar,25912346,ok,fancymenu,1,True,True,en_and_ko,
FarmersDelight-1.21.1-1.3.3.jar,3160883,ok,farmersdelight,1,True,True,en_and_ko,
farmingforblockheads-neoforge-1.21.1-21.1.13.jar,830933,ok,farmingforblockheads,1,True,True,en_and_ko,
FastFurnace-1.21.1-9.0.1.jar,4623,ok,,0,False,False,no_target_language_file,
FastSuite-1.21.1-6.0.7.jar,28193,ok,,0,False,False,no_target_language_file,
FastWorkbench-1.21.1-9.1.3.jar,28635,ok,fastbench,1,True,False,en_only,
ferritecore-7.0.3-neoforge.jar,121559,ok,,0,False,False,no_target_language_file,
fireproofboats-1.21.1-1.0.4.jar,39734,ok,fireproofboats,1,True,False,en_only,
flickerfix-1.21.1-6.1.0.jar,4566,ok,,0,False,False,no_target_language_file,
FluxNetworks-1.21.1-8.0.0.jar,535938,ok,fluxnetworks,1,True,False,en_only,
forbidden_arcanus-2.6.1.jar,3402083,ok,forbidden_arcanus,1,True,False,en_only,
formations-1.0.4-neoforge-mc1.21.jar,287525,ok,formations,1,True,False,en_only,
formationsnether-1.0.5a-mc1.21+.jar,941764,ok,,0,False,False,no_target_language_file,
formationsoverworld-1.0.5a-mc1.21+.jar,873168,ok,,0,False,False,no_target_language_file,
FramedBlocks-10.6.1.jar,4306703,ok,framedblocks,1,True,False,en_only,
framework-neoforge-1.21.1-0.13.11.jar,387334,ok,,0,False,False,no_target_language_file,
ftb-chunks-neoforge-2101.1.21.jar,655753,ok,ftbchunks,1,True,True,en_and_ko,
ftb-essentials-neoforge-2101.1.10.jar,217288,ok,ftbessentials,1,True,False,en_only,
ftb-filter-system-neoforge-21.1.4.jar,211671,ok,ftbfiltersystem,1,True,False,en_only,
ftb-jei-extras-21.1.7.jar,69759,ok,ftbjeiextras,1,True,False,en_only,
ftb-library-neoforge-2101.1.35.jar,1439018,ok,ftblibrary,1,True,False,en_only,
ftb-quests-neoforge-2101.1.34.jar,1609252,ok,ftbquests,1,True,False,en_only,
ftb-ranks-neoforge-2101.1.4.jar,88517,ok,,0,False,False,no_target_language_file,
ftb-teams-neoforge-2101.1.11.jar,308236,ok,ftbteams,1,True,True,en_and_ko,
ftb-ultimine-neoforge-2101.1.15.jar,177109,ok,ftbultimine,1,True,True,en_and_ko,
ftb-xmod-compat-neoforge-21.1.11.jar,153045,ok,ftbxmodcompat,1,True,False,en_only,
ftbquestslangsplitter-1.0.7.jar,201642,ok,ftbquestslangsplitter,1,True,False,en_only,
fuelgoeshere-1.21.1-1.2.0.jar,7564,ok,,0,False,False,no_target_language_file,
functionalstorage-1.21.1-1.5.8.jar,810628,ok,functionalstorage,1,True,True,en_and_ko,
fusion-1.3.14a-neoforge-mc1.21.1.jar,945452,ok,fusion,1,True,False,en_only,
fzzy_config-0.7.6+1.21+neoforge.jar,2369895,ok,fzzy_config,1,True,False,en_only,
GatewaysToEternity-1.21.1-5.1.0.jar,646451,ok,gateways,1,True,False,en_only,
geckolib-neoforge-1.21.1-4.9.2.jar,630584,ok,,0,False,False,no_target_language_file,
generatorgalore-1.21.1-1.7.0.jar,398332,ok,generatorgalore,1,True,False,en_only,
getittogetherdrops-neoforge-1.21.5-1.4.jar,8825,ok,getittogetherdrops,1,True,False,en_only,
Glassential-renewed-1.21.1-3.4.5.jar,702249,ok,glassential,1,True,True,en_and_ko,
Glodium-1.21-2.2-neoforge.jar,61377,ok,,0,False,False,no_target_language_file,
GravitationalModulatingAdditionalUnit-1.21.1-6.4.jar,40188,ok,gmut,1,True,True,en_and_ko,
guideme-21.1.17.jar,9309396,ok,guideme,1,True,False,en_only,
handcrafted-neoforge-1.21.1-4.0.3.jar,7132842,ok,handcrafted,1,True,True,en_and_ko,
hardenedarmadillos-1.21.1-0.2.0.jar,10389,ok,hardenedarmadillos,1,True,False,en_only,
HellishTrials-neoforge-1.0.5.jar,581988,ok,,0,False,False,no_target_language_file,
herbsandharvest-1.21.1-19.jar,17802049,ok,herbsandharvest,1,True,False,en_only,
heyberryshutup-1.21.0-2.0.4.jar,6186,ok,,0,False,False,no_target_language_file,
HostileNeuralNetworks-1.21.1-6.5.1.jar,490546,ok,hostilenetworks,1,True,True,en_and_ko,
iceandfire-2.0-beta.17.jar,20848811,ok,iceandfire,1,True,True,en_and_ko,
Iceberg-1.21.1-neoforge-1.3.2.jar,213853,ok,,0,False,False,no_target_language_file,
illagerwarship-1.0.1-neoforge-1.21.1.jar,71280,ok,illagerwarship,1,True,False,en_only,
imfast-NEOFORGE-1.21.1-1.0.3.jar,4193,ok,imfast,1,True,False,en_only,
ImmediatelyFast-NeoForge-1.6.13+1.21.1.jar,362740,ok,,0,False,False,no_target_language_file,
Immersive-Energistics-1.1.0-beta.jar,40560,ok,immeng,1,True,False,en_only,
ImmersiveEngineering-1.21.1-12.4.2-194.jar,14232121,ok,immersiveengineering,1,True,True,en_and_ko,
incontrol-1.21-10.2.7.jar,347354,ok,,0,False,False,no_target_language_file,
industrial-foregoing-souls-1.21.1-1.10.7.jar,136908,ok,industrialforegoingsouls,1,True,False,en_only,
industrialforegoing-1.21-3.6.39.jar,4717149,ok,industrialforegoing,1,True,True,en_and_ko,
industrialization_overdrive-1.12.2+1.21.1.jar,119146,ok,industrialization_overdrive,1,True,False,en_only,
integratedcrafting-1.21.1-neoforge-1.5.0-646.jar,405503,ok,integratedcrafting,1,True,True,en_and_ko,
integrateddynamics-1.21.1-neoforge-1.35.0-1981.jar,4377435,ok,integrateddynamics;integrateddynamicscompat,2,True,True,en_and_ko,
integratedscripting-1.21.1-neoforge-1.0.26.jar,29420242,ok,integratedscripting,1,True,True,en_and_ko,
integratedterminals-1.21.1-neoforge-1.8.0-840.jar,698822,ok,integratedterminals;integratedterminalscompat,2,True,True,en_and_ko,
integratedtunnels-1.21.1-neoforge-1.10.0-729.jar,721151,ok,integratedtunnels,1,True,True,en_and_ko,
interdimensionalwirelesstransmitter-neoforge-1.21.1-0.1.5.jar,141867,ok,interdimensionalwirelesstransmitter,1,True,False,en_only,
invasiveopts-1.0.23.jar,262530,ok,invasiveopts,1,True,False,en_only,
invtweaks-1.21.1-1.3.2.jar,77127,ok,invtweaks,1,True,False,en_only,
iris-neoforge-1.8.14-beta.1+mc1.21.1.jar,2540723,ok,iris,1,True,True,en_and_ko,
IrisSearch-1.6.1-neoforge.jar,200176,ok,iris_search,1,True,False,en_only,
ironfurnaces-neoforge-1.21.1-4.3.2.jar,576866,ok,ironfurnaces,1,True,False,en_only,
IronJetpacks-1.21.1-8.0.11.jar,154859,ok,ironjetpacks,1,True,False,en_only,
irons_jewelry-1.21.1-2.0.2.jar,731614,ok,irons_jewelry,1,True,True,en_and_ko,
irons_lib-1.21.1-2.1.0.jar,406284,ok,irons_lib;irons_patreon_lib,2,True,False,en_only,
irons_spellbooks-1.21.1-3.16.3.jar,13890046,ok,irons_spellbooks,1,True,True,en_and_ko,
itemcollectors-1.1.10-neoforge-mc1.21.jar,100837,ok,itemcollectors,1,True,True,en_and_ko,
Jade-1.21.1-NeoForge-15.10.6.jar,726853,ok,jade,1,True,True,en_and_ko,
jearchaeology-1.21.1-1.2.0.jar,53509,ok,jearchaeology,1,True,False,en_only,
jei-1.21.1-neoforge-19.50.0.414.jar,1787629,ok,jei,1,True,True,en_and_ko,
journeymap-neoforge-1.21.1-6.0.6.jar,4299627,ok,journeymap,1,True,True,en_and_ko,
jumpboat-1.21.0-1.0.5.jar,5328,ok,,0,False,False,no_target_language_file,
jupiter-2.3.7-1.21.1-neoforge.jar,278988,ok,jupiter,1,True,False,en_only,
justdirethings-1.5.7.jar,2853190,ok,justdirethings,1,True,False,en_only,
justenoughbreeding-neoforge-1.21.1-3.2.1.jar,593705,ok,justenoughbreeding,1,True,False,en_only,
JustEnoughMekanismMultiblocks-1.21.1-7.18.jar,188415,ok,jei_mekanism_multiblocks,1,True,True,en_and_ko,
JustEnoughProfessions-neoforge-1.21.1-4.0.5.jar,24879,ok,justenoughprofessions,1,True,False,en_only,
justzoom_neoforge_2.1.0_MC_1.21.1.jar,43798,ok,justzoom,1,True,False,en_only,
keybindbundles-1.4.0.jar,89565,ok,keybindbundles,1,True,False,en_only,
KeybindsPurger-1.4.0-neoforge-1.21.1.jar,39710,ok,keybindspurger,1,True,False,en_only,
konkrete_neoforge_1.9.9_MC_1.21.jar,618842,ok,,0,False,False,no_target_language_file,
kotlinforforge-5.12.0-all.jar,7279276,ok,,0,False,False,no_target_language_file,
kubejs-neoforge-2101.7.2-build.374.jar,2292654,ok,,0,False,False,no_target_language_file,
kubejstweaks-1.0.6.jar,421764,ok,kubejstweaks,1,True,False,en_only,
L_Ender's Cataclysm 1.21.1-3.33.jar,73375661,ok,cataclysm,1,True,True,en_and_ko,
laserbridges-1.21.1-neoforge-6.jar,211267,ok,laserbridges,1,True,False,en_only,
laserio-1.9.11.jar,1305285,ok,laserio,1,True,False,en_only,
lionfishapi-3.1.jar,91596,ok,lionfishapi,1,True,False,en_only,
lithostitched-1.8.0+beta4-neoforge-21.1.jar,954028,ok,,0,False,False,no_target_language_file,
little-big-redstone-1.9.10-1.21.1.jar,1406405,ok,little_big_redstone,1,True,False,en_only,
livingthings-neoforge-1.21.1-2.3.1.jar,964896,ok,livingthings,1,True,False,en_only,
lmft-1.1.1+1.21.9-neoforge.jar,78624,ok,,0,False,False,no_target_language_file,
logisticsnetworks-1.21.1-1.13.0.jar,1228886,ok,logisticsnetworks,1,True,False,en_only,
lootr-neoforge-1.21.1-1.11.38.124.jar,994918,ok,lootr,1,True,True,en_and_ko,
luminax-1.3.1_neoforge_1.21.1.jar,704672,ok,luminax,1,True,False,en_only,
mahoutsukai-1.21.1-v1.36.27.jar,5045082,ok,mahoutsukai,1,True,True,en_and_ko,
mcjtylib-1.21-9.0.21.jar,699982,ok,mcjtylib,1,True,False,en_only,
mcw-bridges-3.1.2-mc1.21.1neoforge.jar,661387,ok,mcwbridges,1,True,True,en_and_ko,
mcw-doors-1.1.5-mc1.21.1neoforge.jar,1190404,ok,mcwdoors,1,True,True,en_and_ko,
mcw-furniture-3.4.1-mc1.21.1neoforge.jar,2080436,ok,mcwfurnitures,1,True,True,en_and_ko,
mcw-holidays-1.1.2-mc1.21.1neoforge.jar,1012915,ok,mcwholidays,1,True,True,en_and_ko,
mcw-lights-1.1.5-mc1.21.1neoforge.jar,525744,ok,mcwlights,1,True,True,en_and_ko,
mcw-mcwfences-1.2.1-mc1.21.1neoforge.jar,673871,ok,mcwfences,1,True,True,en_and_ko,
mcw-mcwpaths-1.1.1-mc1.21.1neoforge.jar,777742,ok,mcwpaths,1,True,False,en_only,
mcw-mcwstairs-1.0.2-mc1.21.1neoforge.jar,529082,ok,mcwstairs,1,True,True,en_and_ko,
mcw-mcwwindows-2.4.2-mc1.21.1neoforge.jar,1261268,ok,mcwwindows,1,True,True,en_and_ko,
mcw-roofs-2.3.2-mc1.21.1neoforge.jar,1784829,ok,mcwroofs,1,True,False,en_only,
mcw-trapdoors-1.1.5-mc1.21.1neoforge.jar,572870,ok,mcwtrpdoors,1,True,True,en_and_ko,
Measurements-neoforge-1.21.1-3.0.3.jar,47632,ok,measurements,1,True,False,en_only,
megacells-4.11.0.jar,1137276,ok,megacells,1,True,False,en_only,
Mekanism-1.21.1-10.7.19.85.jar,11976009,ok,mekanism,1,True,True,en_and_ko,
mekanismcovers-1.3-BETA+1.21.jar,136513,ok,mekanismcovers,1,True,False,en_only,
MekanismGenerators-1.21.1-10.7.19.85.jar,1114598,ok,mekanismgenerators,1,True,True,en_and_ko,
MekanismTools-1.21.1-10.7.19.85.jar,526620,ok,mekanismtools,1,True,True,en_and_ko,
mekanisticrouters-1.2.0.jar,248261,ok,mekanisticrouters,1,True,False,en_only,
mekmm-1.21.1-1.4.1.jar,3659440,ok,mekmm,1,True,False,en_only,
melody_neoforge_1.0.10_MC_1.21.jar,36096,ok,,0,False,False,no_target_language_file,
memorysettings-1.21-6.0.jar,22329,ok,memorysettings,1,True,False,en_only,
merequester-neoforge-1.21.1-1.4.3.jar,184517,ok,merequester,1,True,False,en_only,
merrymaking-1.21.1-16.jar,21960723,ok,merrymaking,1,True,False,en_only,
mffs-5.4.44.jar,3328937,ok,mffs,1,True,False,en_only,
mifa-neoforge-1.21.x-2.1.0.jar,122759,ok,mifa,1,True,False,en_only,
minecolonies-1.1.1374-1.21.1-snapshot.jar,78071143,ok,minecolonies,1,True,True,en_and_ko,
mininggadgets-1.18.7.jar,664097,ok,mininggadgets,1,True,False,en_only,
mob_grinding_utils-1.1.10+mc1.21.1.jar,1370085,ok,mob_grinding_utils,1,True,False,en_only,
modelfix-1.21-1.10.jar,47035,ok,,0,False,False,no_target_language_file,
Modern-Dynamics-0.9.6.jar,707745,ok,moderndynamics,1,True,False,en_only,
Modern-Industrialization-2.5.6.jar,7129076,ok,modern_industrialization,1,True,True,en_and_ko,
modernfix-neoforge-5.27.20+mc1.21.1.jar,599474,ok,modernfix,1,True,False,en_only,
modonomicon-1.21.1-neoforge-1.120.4.jar,2399838,ok,modonomicon,1,True,False,en_only,
modular-routers-13.2.7+mc1.21.1.jar,1285765,ok,modularrouters,1,True,True,en_and_ko,
ModularBees-1.21.1-3.4-neoforge.jar,575830,ok,modularbees,1,True,False,en_only,
monolib-neoforge-1.21.1-4.1.0.jar,190961,ok,,0,False,False,no_target_language_file,
MoogsEndStructures-1.21-2.0.3.jar,1210283,ok,mes,1,True,False,en_only,
MoogsNetherStructures-1.21-3.0.0.jar,3794509,ok,mns,1,True,False,en_only,
MoogsSoaringStructures-1.21-2.1.2.jar,3621647,ok,mss,1,True,False,en_only,
MoogsStructureLib-neoforge-1.21.1-3.1.2.jar,413682,ok,moogs_structures,1,True,False,en_only,
MoogsVoyagerStructures-1.21-5.0.14.jar,1796857,ok,mvs,1,True,False,en_only,
moonlight-1.21.1-3.5.2-neoforge.jar,2201061,ok,moonlight,1,True,False,en_only,
moredragoneggs-5.0.jar,6389,ok,,0,False,False,no_target_language_file,
moreoverlays-1.24.2-mc1.21.1-neoforge.jar,112984,ok,moreoverlays,1,True,False,en_only,
morered-1.21.1-6.0.0.3.jar,535669,ok,morered,1,True,False,en_only,
MoreRed-CCT-Compat-1.21.1-1.3.0.jar,7312,ok,,0,False,False,no_target_language_file,
mostructures-neoforge-1.6.0+1.21.1.jar,779607,ok,mostructures,1,True,False,en_only,
MouseTweaks-neoforge-mc1.21-2.26.1.jar,73938,ok,,0,False,False,no_target_language_file,
multipiston-1.2.58-1.21.1.jar,34139,ok,multipiston,1,True,False,en_only,
MysticalAgradditions-1.21.1-8.0.14.jar,317874,ok,mysticalagradditions,1,True,True,en_and_ko,
MysticalAgriculture-1.21.1-8.0.27.jar,2324728,ok,mysticalagriculture,1,True,True,en_and_ko,
MysticalCustomization-1.21.1-6.0.2.jar,49374,ok,,0,False,False,no_target_language_file,
NaturesAura-41.9.jar,1443280,ok,naturesaura,1,True,False,en_only,
NaturesCompass-1.21.1-3.4.0-neoforge.jar,224657,ok,naturescompass,1,True,True,en_and_ko,
NeoAuth-1.21.1-1.0.1.jar,61287,ok,neo_auth,1,True,False,en_only,
neovitae-1.21.1-1.1.15.jar,13306657,ok,neovitae,1,True,False,en_only,
netherportalfix-neoforge-1.21.1-21.1.1.jar,211972,ok,,0,False,False,no_target_language_file,
NoChatReports-NEOFORGE-1.21.1-v2.9.1.jar,306668,ok,nochatreports,1,True,True,en_and_ko,
not_enough_glyphs-1.21.1-4.6.1.jar,631361,ok,not_enough_glyphs,1,True,False,en_only,
notenoughanimations-neoforge-1.12.4-mc1.21.1.jar,1939625,ok,notenoughanimations,1,True,False,en_only,
novillagerdm-1.21.1-6.0.0.jar,4884,ok,,0,False,False,no_target_language_file,
Nullscape_1.21.x_v1.2.14.jar,355748,ok,,0,False,False,no_target_language_file,
observable-5.4.4.jar,388133,ok,observable,1,True,False,en_only,
occultism-1.21.1-neoforge-1.224.4.jar,6951660,ok,occultism,1,True,True,en_and_ko,
occultism_kubejs-1.21.1-neoforge-1.11.0.jar,434372,ok,,0,False,False,no_target_language_file,
OctoLib-NEOFORGE-0.6.2+1.21.jar,544378,ok,,0,False,False,no_target_language_file,
Oh-The-Biomes-Weve-Gone-NeoForge-2.6.0.jar,20484967,ok,biomeswevegone,1,True,False,en_only,
Oh-The-Trees-Youll-Grow-neoforge-1.21.1-5.3.2.jar,167431,ok,,0,False,False,no_target_language_file,
omegaconfig-neoforge-1.5.1.jar,20604,ok,,0,False,False,no_target_language_file,
OpenLoader-neoforge-1.21.1-21.1.5.jar,35602,ok,,0,False,False,no_target_language_file,
oracle_index-neoforge-1.3.1.jar,29601678,ok,oracle_index,1,True,False,en_only,
oritech-neoforge-1.21.1-1.2.11.jar,10994867,ok,oritech,1,True,False,en_only,
overlapless-1.21.1-1.2.0.jar,16585,ok,,0,False,False,no_target_language_file,
overloadedarmorbar-neoforge-1.21-2.jar,22307,ok,,0,False,False,no_target_language_file,
owo-lib-neoforge-0.12.15.5-beta.1+1.21.jar,1221583,ok,owo,1,True,False,en_only,
pamhc2crops-NEOFORGE-1.21.1-1.0.9.jar,1536646,ok,pamhc2crops,1,True,False,en_only,
pamhc2foodcore-NEOFORGE-1.21.1-1.0.4.jar,1699044,ok,pamhc2foodcore,1,True,False,en_only,
pamhc2foodextended-NEOFORGE-1.21.1-1.0.0.jar,1983616,ok,pamhc2foodextended,1,True,False,en_only,
pamhc2trees-NEOFORGE-1.21.1-1.0.9.jar,1399642,ok,pamhc2trees,1,True,False,en_only,
Patchouli-1.21.1-93-NEOFORGE.jar,646777,ok,patchouli,1,True,True,en_and_ko,
pipez-neoforge-1.21.1-1.2.31.jar,456599,ok,pipez,1,True,True,en_and_ko,
Placebo-1.21.1-9.9.2.jar,324058,ok,placebo,1,True,True,en_and_ko,
player-animation-lib-forge-2.0.4+1.21.1.jar,203149,ok,,0,False,False,no_target_language_file,
pneumaticcraft-repressurized-8.2.23+mc1.21.1.jar,11884697,ok,pneumaticcraft,1,True,False,en_only,
pocketstorage-1.2.5+1.21.1-b3.jar,264788,ok,pocketstorage,1,True,False,en_only,
polyeng-0.4.1.jar,20130,ok,,0,False,False,no_target_language_file,
polylib-2100.1.0-build.183-neoforge.jar,1299974,ok,polylib,1,True,False,en_only,
polymorph-neoforge-1.1.0+1.21.1.jar,174972,ok,polymorph,1,True,True,en_and_ko,
ponderjs-neoforge-1.21.1-2.4.0.jar,1571893,ok,,0,False,False,no_target_language_file,
potionsmaster-21.1.113-1.0.1.jar,216980,ok,potionsmaster,1,True,False,en_only,
Powah-6.2.10.jar,2737991,ok,lollipop;powah,2,True,False,en_only,
prickle-neoforge-1.21.1-21.1.11.jar,84812,ok,,0,False,False,no_target_language_file,
Prism-1.21.1-neoforge-1.0.11.jar,62031,ok,,0,False,False,no_target_language_file,
productivebees-1.21.1-13.13.5.jar,5216551,ok,productivebees,1,True,False,en_only,
productivemetalworks-1.21.1-1.15.1.jar,3033210,ok,productivemetalworks,1,True,False,en_only,
productivetrees-1.21.1-1.1.0.jar,14094829,ok,productivetrees,1,True,False,en_only,
pylons-1.21.1-5.4.2.jar,217973,ok,pylons,1,True,False,en_only,
railcraft-reborn-1.21.1-1.2.10.jar,5290986,ok,railcraft,1,True,True,en_and_ko,
Rainbows-1.21-1.5.jar,2307740,ok,rainbows,1,True,False,en_only,
rangedpumps-1.3.0.jar,25483,ok,rangedpumps,1,True,True,en_and_ko,
rebind_narrator-1.21.1-neoforge-2025.12.23.jar,213661,ok,,0,False,False,no_target_language_file,
rechiseled-1.2.5-neoforge-mc1.21.jar,11498611,ok,rechiseled,1,True,False,en_only,
rechiseled_chipped-2.0-1.21.1.jar,177517,ok,rechiseled_chipped,1,True,False,en_only,
rechiseledcreate-1.1.1-neoforge-mc1.21.jar,983177,ok,rechiseledcreate,1,True,False,en_only,
redstonepen-1.21-neoforge-1.11.42.jar,513816,ok,redstonepen,1,True,False,en_only,
refined-types-1.21.1-0.3.2.jar,755931,ok,refinedtypes,1,True,False,en_only,
refinedstorage-curios-integration-1.0.0.jar,11177,ok,refinedstorage_curios_integration,1,True,False,en_only,
refinedstorage-jei-integration-neoforge-1.0.0.jar,58343,ok,refinedstorage_jei_integration,1,True,True,en_and_ko,
refinedstorage-mekanism-integration-1.1.1.jar,160633,ok,refinedstorage_mekanism_integration,1,True,True,en_and_ko,
refinedstorage-neoforge-2.0.9.jar,4360871,ok,refinedstorage,1,True,True,en_and_ko,
refinedstorage-quartz-arsenal-neoforge-1.0.8.jar,67115,ok,refinedstorage_quartz_arsenal,1,True,True,en_and_ko,
refurbished_furniture-neoforge-1.21.1-1.0.22.jar,7133477,ok,refurbished_furniture,1,True,False,en_only,
regions_unexplored-neoforge-1.21.1-0.5.9.jar,5365182,ok,regions_unexplored,1,True,False,en_only,
relics-1.21.1-0.12.8.jar,5007593,ok,relics,1,True,False,en_only,
reliquary-1.21.1-2.0.80.1570.jar,2238304,ok,reliquary,1,True,True,en_and_ko,
reliquified_artifacts-1.21.1-1.0.8.jar,699260,ok,reliquified_artifacts,1,True,False,en_only,
repeatable_trial_vaults-neoforge-1.21-1.0.3.jar,12970,ok,repeatable_trial_vaults,1,True,False,en_only,
repurposed_structures-7.5.22+1.21.1-neoforge.jar,8246760,ok,repurposed_structures,1,True,True,en_and_ko,
resourcefulconfig-neoforge-1.21-3.0.11.jar,341009,ok,resourcefulconfig,1,True,False,en_only,
resourcefullib-neoforge-1.21-3.0.12.jar,484332,ok,,0,False,False,no_target_language_file,
restrictions-1.21-7.0.3.jar,45018,ok,restrictions,1,True,False,en_only,
rftoolsbase-1.21-6.0.11.jar,463973,ok,rftoolsbase,1,True,False,en_only,
rftoolsbuilder-1.21-7.0.6.jar,1054873,ok,rftoolsbuilder,1,True,True,en_and_ko,
rftoolspower-1.21-7.0.6.jar,579975,ok,rftoolspower,1,True,True,en_and_ko,
rftoolsstorage-1.21-6.0.5.jar,398718,ok,rftoolsstorage,1,True,True,en_and_ko,
rftoolsutility-1.21-7.0.12.jar,1434987,ok,rftoolsutility,1,True,False,en_only,
rhino-2101.2.8-build.91.jar,980936,ok,,0,False,False,no_target_language_file,
RootsClassic-1.21.1-1.5.7.jar,635779,ok,rootsclassic,1,True,False,en_only,
sawmill-1.21-1.8.0-neoforge.jar,450858,ok,sawmill,1,True,False,en_only,
ScalableCatsForce-NeoForge-3.7.1-build-11-with-library.jar,16872119,ok,,0,False,False,no_target_language_file,
Searchables-neoforge-1.21.1-1.0.2.jar,77326,ok,searchables,1,True,True,en_and_ko,
sgearmetalworks-1.21.1-1.5.0.jar,638209,ok,sgearmetalworks,1,True,False,en_only,
shiny-1.21.1-1.3.0.jar,971120,ok,shiny,1,True,False,en_only,
shrink-2.0.1.47-neoforge.jar,46062,ok,shrink,1,True,False,en_only,
silent-gear-1.21.1-neoforge-4.2.1.1.jar,3147675,ok,silentgear,1,True,True,en_and_ko,
silent-lib-1.21.1-neoforge-10.6.0.jar,268791,ok,silentlib,1,True,False,en_only,
silentgems-1.21.1-neoforge-5.1.3.jar,1457506,ok,silentgems,1,True,False,en_only,
simple_weather-1.0.13-hotfix.jar,82792,ok,simple_weather,1,True,False,en_only,
SimpleBackups-1.21-4.0.30.jar,70269,ok,simplebackups,1,True,False,en_only,
simplemagnets-1.1.12c-neoforge-mc1.21.jar,146262,ok,simplemagnets,1,True,True,en_and_ko,
simplylight-1.5.3+1.21.1-b4.jar,1103352,ok,simplylight,1,True,False,en_only,
SmartBrainLib-neoforge-1.21.1-1.16.11.jar,391053,ok,,0,False,False,no_target_language_file,
smithingtemplateviewer-1.0.4.jar,39702,ok,smithingtemplateviewer,1,True,False,en_only,
sodium-extra-neoforge-0.9.3+mc1.21.1.jar,465013,ok,sodium-extra,1,True,True,en_and_ko,
sodium-neoforge-0.8.13+mc1.21.1.jar,1292934,ok,,0,False,False,no_target_language_file,
solcarrot-1.21.1-1.16.6.jar,105355,ok,solcarrot,1,True,True,en_and_ko,
sophisticatedbackpacks-1.21.1-3.25.78.2107.jar,1172245,ok,sophisticatedbackpacks,1,True,True,en_and_ko,
sophisticatedbackpackscreateintegration-1.21.1-0.1.8.134.jar,82627,ok,,0,False,False,no_target_language_file,
sophisticatedcore-1.21.1-1.4.90.2299.jar,1687195,ok,sophisticatedcore,1,True,True,en_and_ko,
sophisticatedstorage-1.21.1-1.5.91.2127.jar,1869204,ok,sophisticatedstorage,1,True,True,en_and_ko,
sophisticatedstoragecreateintegration-1.21.1-0.1.21.209.jar,134163,ok,,0,False,False,no_target_language_file,
sophisticatedstorageinmotion-1.21.1-0.10.34.358.jar,409576,ok,sophisticatedstorageinmotion,1,True,False,en_only,
soulplied_energistics-1.0.3.jar,25946,ok,soulplied_energistics,1,True,False,en_only,
spark-1.10.124-neoforge.jar,3642581,ok,,0,False,False,no_target_language_file,
starbunclemania-1.21.1-1.5.7.jar,725771,ok,starbunclemania,1,True,False,en_only,
stepcrafter-neoforge-1.21.1-0.1.8.jar,613716,ok,stepcrafter,1,True,False,en_only,
stevescarts-1.21-1.2.18-neoforge.jar,2133617,ok,stevescarts,1,True,False,en_only,
storagedelight-26.07.01a-1.21-neoforge.jar,841065,ok,storagedelight,1,True,True,en_and_ko,
Structory_26.2_v1.3.7.jar,1261346,ok,,0,False,False,no_target_language_file,
Structory_Towers_26.1_v1.0.16.jar,491545,ok,,0,False,False,no_target_language_file,
structurize-1.0.832-1.21.1.jar,1063849,ok,structurize,1,True,False,en_only,
stylecolonies-1.15.58-1.21.1.jar,31237505,ok,,0,False,False,no_target_language_file,
Super Factory Manager (SFM)-MC1.21.1-4.34.0.jar,1597623,ok,sfm,1,True,False,en_only,
supermartijn642configlib-1.1.8-neoforge-mc1.21.jar,207514,ok,,0,False,False,no_target_language_file,
supermartijn642corelib-1.1.24-neoforge-mc1.21.jar,560783,ok,supermartijn642corelib,1,True,False,en_only,
supplementaries-1.21.1-3.9.5-neoforge.jar,13528390,ok,supplementaries,1,True,True,en_and_ko,
sushigocrafting-1.21-0.6.5.jar,724996,ok,sushigocrafting,1,True,False,en_only,
sussysniffers-1.21.1-0.1.3.jar,95574,ok,,0,False,False,no_target_language_file,
t_and_t-fabric-neoforge-1.13.11.jar,3553006,ok,,0,False,False,no_target_language_file,
tempad-1.21.1-3.0.4-all.jar,1696464,ok,tempad;tempad_static,2,True,True,en_and_ko,
TerraBlender-neoforge-1.21.1-4.1.0.8.jar,120364,ok,terrablender,1,True,False,en_only,
tesseract-api-neoforge-1.12.16-1.21.1.jar,758333,ok,tesseract_api,1,True,False,en_only,
the_bumblezone-7.15.3+1.21.1-neoforge.jar,69672269,ok,the_bumblezone,1,True,True,en_and_ko,
The_Undergarden-1.21.1-0.9.6.jar,45294936,ok,undergarden,1,True,True,en_and_ko,
theurgy-1.21.1-neoforge-1.76.0.jar,5324349,ok,theurgy,1,True,False,en_only,
theurgy_kubejs-1.21.1-neoforge-1.5.1.jar,25203,ok,,0,False,False,no_target_language_file,
tiab-neoforge-6.5.4.jar,77755,ok,tiab,1,True,False,en_only,
titanium-1.21-4.0.50.jar,607012,ok,titanium,1,True,False,en_only,
ToastControl-1.21.1-9.0.1.jar,21079,ok,toastcontrol,1,True,False,en_only,
tombstone-neoforge-1.21.1-9.5.5.jar,2520446,ok,tombstone,1,True,False,en_only,
ToolBelt-1.21.1-2.2.10.jar,217020,ok,toolbelt,1,True,True,en_and_ko,
torchmaster-neoforge-1.21.1-21.1.9.jar,130605,ok,torchmaster,1,True,True,en_and_ko,
towntalk-1.2.0.jar,52301863,ok,,0,False,False,no_target_language_file,
transfer_labels-0.1.9.jar,154972,ok,transfer_labels,1,True,False,en_only,
trashcans-1.1.0-neoforge-mc1.21.jar,167687,ok,trashcans,1,True,True,en_and_ko,
trashslot-neoforge-1.21.1-21.1.11.jar,77535,ok,trashslot,1,True,True,en_and_ko,
treetap-1.21.1-0.4.6.jar,83361,ok,treetap,1,True,False,en_only,
trophymanager-1.21.1-3.0.0.jar,111105,ok,trophymanager,1,True,False,en_only,
twilightforest-1.21.1-4.8.3345-universal.jar,27154121,ok,twilightforest,1,True,True,en_and_ko,
UndergroundVillages-neoforge-1.21.1-4.0.3.jar,282058,ok,,0,False,False,no_target_language_file,
universalgrid-neoforge-1.21.1-0.3.2.jar,91381,ok,universalgrid,1,True,False,en_only,
uranus-2.4.1-bugfix-1.21.1-neoforge.jar,847836,ok,,0,False,False,no_target_language_file,
utilitarian-1.21.1-0.19.2.jar,623325,ok,utilitarian,1,True,False,en_only,
utilityvest-1.3.0.jar,223322,ok,utilityvest,1,True,False,en_only,
valhelsia_core-neoforge-1.21.1-1.1.5.jar,181277,ok,,0,False,False,no_target_language_file,
variantsandventures-neoforge-1.0.26+mc1.21.1.jar,1082397,ok,variantsandventures,1,True,False,en_only,
villagesandpillages-neoforge-mc1.21.1-1.0.3.jar,241257,ok,,0,False,False,no_target_language_file,
waystones-neoforge-1.21.1-21.1.41.jar,1217415,ok,waystones,1,True,True,en_and_ko,
wirelesschargers-1.0.9a-neoforge-mc1.21.jar,315836,ok,wirelesschargers,1,True,True,en_and_ko,
WitherSkeletonTweaks-1.21.1-10.1.1.jar,21929,ok,wstweaks,1,True,True,en_and_ko,
wits-neoforge-1.3.1.jar,11148,ok,,0,False,False,no_target_language_file,
xnet-1.21-7.0.7.jar,611577,ok,xnet,1,True,True,en_and_ko,
xtonesreworked-1.1.1-1.21.1.jar,1276690,ok,xtonesreworked,1,True,False,en_only,
xycraft_core-0.7.53-all.jar,2327963,ok,xycraft_core,1,True,False,en_only,
xycraft_machines-0.7.53.jar,3056398,ok,xycraft_machines,1,True,False,en_only,
xycraft_override-0.7.53.jar,905075,ok,xycraft_override,1,True,False,en_only,
xycraft_world-0.7.53.jar,1224337,ok,xycraft_world,1,True,False,en_only,
yeetusexperimentus-neoforge-87.0.0.jar,570057,ok,,0,False,False,no_target_language_file,
yet_another_config_lib_v3-3.8.2+1.21.1-neoforge.jar,1118651,ok,yet_another_config_lib_v3,1,True,False,en_only,
YungsApi-1.21.1-NeoForge-5.1.8.jar,389834,ok,,0,False,False,no_target_language_file,
YungsBetterDesertTemples-1.21.1-NeoForge-4.1.5.jar,905839,ok,betterdeserttemples,1,True,False,en_only,
YungsBetterDungeons-1.21.1-NeoForge-5.1.4.jar,782160,ok,betterdungeons,1,True,False,en_only,
YungsBetterEndIsland-1.21.1-NeoForge-3.1.2.jar,398130,ok,betterendisland,1,True,False,en_only,
YungsBetterJungleTemples-1.21.1-NeoForge-3.1.2.jar,795839,ok,betterjungletemples,1,True,False,en_only,
YungsBetterMineshafts-1.21.1-NeoForge-5.1.1.jar,493967,ok,bettermineshafts,1,True,False,en_only,
YungsBetterNetherFortresses-1.21.1-NeoForge-3.1.5.jar,609639,ok,betterfortresses,1,True,False,en_only,
YungsBetterOceanMonuments-1.21.1-NeoForge-4.1.2.jar,1025571,ok,betteroceanmonuments,1,True,False,en_only,
YungsBetterStrongholds-1.21.1-NeoForge-5.1.3.jar,461244,ok,betterstrongholds,1,True,False,en_only,
YungsBetterWitchHuts-1.21.1-NeoForge-4.1.1.jar,174789,ok,betterwitchhuts,1,True,False,en_only,
YungsExtras-1.21.1-NeoForge-5.1.1.jar,198183,ok,,0,False,False,no_target_language_file,
ZeroCore2-1.21.1-2.4.21.jar,1551013,ok,zerocore,1,True,False,en_only,
