jar,namespace,en_path,ko_path,en_status,ko_status,en_keys,ko_keys,shared_keys,missing_in_ko,ko_only_keys,error
[1.21.1] SecurityCraft v1.10.2.1.jar,securitycraft,assets/securitycraft/lang/en_us.json,assets/securitycraft/lang/ko_kr.json,ok,ok,1564,1013,1012,552,1,
[Neoforge]ctov-3.6.3.jar,ctov,assets/ctov/lang/en_us.json,assets/ctov/lang/ko_kr.json,ok,ok,74,74,74,0,0,
accelerated-decay-neoforge-21.0.0.jar,accelerateddecay,assets/accelerateddecay/lang/en_us.json,,ok,missing,0,0,0,0,0,
actuallyadditions-1.3.26+mc1.21.1.jar,actuallyadditions,assets/actuallyadditions/lang/en_us.json,,ok,missing,1026,0,0,1026,0,
Ad-Astra-Giselle-Addon-neoforge-1.21.1-8.1.jar,ad_astra_giselle_addon,assets/ad_astra_giselle_addon/lang/en_us.json,assets/ad_astra_giselle_addon/lang/ko_kr.json,ok,ok,168,180,162,6,18,
adastra-1.21.1-1.16.19-neoforge.jar,ad_astra,assets/ad_astra/lang/en_us.json,assets/ad_astra/lang/ko_kr.json,ok,ok,831,689,414,417,275,
additional_lights-neoforge-1.21-2.1.10.jar,additional_lights,assets/additional_lights/lang/en_us.json,assets/additional_lights/lang/ko_kr.json,ok,ok,157,157,157,0,0,
AdditionalEnchantedMiner-1.21.1-neoforge-21.1.162.jar,quarryplus,assets/quarryplus/lang/en_us.json,assets/quarryplus/lang/ko_kr.json,ok,ok,241,241,241,0,0,
AdvancedAE-1.6.12-1.21.1.jar,advanced_ae,assets/advanced_ae/lang/en_us.json,assets/advanced_ae/lang/ko_kr.json,ok,ok,246,246,246,0,0,
AdvancedPeripherals-1.21.1-0.8.0a.jar,advancedperipherals,assets/advancedperipherals/lang/en_us.json,assets/advancedperipherals/lang/ko_kr.json,ok,ok,133,89,71,62,18,
ae2ct-1.21.1-1.1.1.jar,ae2ct,assets/ae2ct/lang/en_us.json,,ok,missing,19,0,0,19,0,
ae2importexportcard-1.21.1-1.6.0.jar,ae2importexportcard,assets/ae2importexportcard/lang/en_us.json,assets/ae2importexportcard/lang/ko_kr.json,ok,ok,5,5,5,0,0,
AE2NetworkAnalyzer-1.21-2.1.5-neoforge.jar,ae2netanalyser,assets/ae2netanalyser/lang/en_us.json,,ok,missing,38,0,0,38,0,
ae2wtlib-19.5.1.jar,ae2wtlib,assets/ae2wtlib/lang/en_us.json,assets/ae2wtlib/lang/ko_kr.json,ok,ok,46,26,26,20,0,
aeinfinitybooster-neoforge-1.21.1-1.0.0.58.jar,aeinfinitybooster,assets/aeinfinitybooster/lang/en_us.json,assets/aeinfinitybooster/lang/ko_kr.json,ok,ok,4,3,3,1,0,
aether-1.21.1-1.5.10-neoforge.jar,aether,assets/aether/lang/en_us.json,assets/aether/lang/ko_kr.json,ok,ok,1238,11,11,1227,0,
AkashicTome-1.8-30.jar,akashictome,assets/akashictome/lang/en_us.json,assets/akashictome/lang/ko_kr.json,ok,ok,11,3,3,8,0,
allthearcanistgear-1.21.1-21.3.2.jar,allthearcanistgear,assets/allthearcanistgear/lang/en_us.json,,ok,missing,28,0,0,28,0,
allthecompressed-1.21.1-4.4.0.jar,allthecompressed,assets/allthecompressed/lang/en_us.json,assets/allthecompressed/lang/ko_kr.json,ok,ok,1796,1670,1670,126,0,
allthemodium-3.0.1_mc_1.21.1.jar,allthemodium,assets/allthemodium/lang/en_us.json,,ok,missing,306,0,0,306,0,
alltheores-3.2.0_neoforge_1.21.1.jar,alltheores,assets/alltheores/lang/en_us.json,assets/alltheores/lang/ko_kr.json,ok,ok,516,326,314,202,12,
allthetweaks-1.21.1-2.9.4.jar,allthetweaks,assets/allthetweaks/lang/en_us.json,assets/allthetweaks/lang/ko_kr.json,ok,ok,26,26,26,0,0,
allthewizardgear-1.21.1-1.2.0.jar,allthewizardgear,assets/allthewizardgear/lang/en_us.json,assets/allthewizardgear/lang/ko_kr.json,ok,ok,16,16,16,0,0,
almostunified-neoforge-1.21.1-1.4.2.jar,almostunified,assets/almostunified/lang/en_us.json,,ok,missing,6,0,0,6,0,
amendments-1.21-2.1.9-neoforge.jar,amendments,assets/amendments/lang/en_us.json,assets/amendments/lang/ko_kr.json,ok,ok,108,57,57,51,0,
Apotheosis-1.21.1-8.7.0.jar,apotheosis,assets/apotheosis/lang/en_us.json,assets/apotheosis/lang/ko_kr.json,ok,ok,778,738,737,41,1,
ApothicAttributes-1.21.1-2.10.1.jar,apothic_attributes,assets/apothic_attributes/lang/en_us.json,assets/apothic_attributes/lang/ko_kr.json,ok,ok,161,587,1,160,586,
ApothicEnchanting-1.21.1-1.6.1.jar,apothic_enchanting,assets/apothic_enchanting/lang/en_us.json,assets/apothic_enchanting/lang/ko_kr.json,ok,ok,425,415,415,10,0,
ApothicSpawners-1.21.1-1.4.0.jar,apothic_spawners,assets/apothic_spawners/lang/en_us.json,,ok,missing,89,0,0,89,0,
appleskin-neoforge-mc1.21-3.0.9.jar,appleskin,assets/appleskin/lang/en_us.json,assets/appleskin/lang/ko_kr.json,ok,ok,22,12,12,10,0,
Applied-Mekanistics-1.6.3.jar,appmek,assets/appmek/lang/en_us.json,assets/appmek/lang/ko_kr.json,ok,ok,15,15,15,0,0,
appliedenergistics2-19.2.17.jar,ae2,assets/ae2/lang/en_us.json,assets/ae2/lang/ko_kr.json,ok,ok,1021,854,854,167,0,
AppliedFlux-1.21-2.1.5-neoforge.jar,appflux,assets/appflux/lang/en_us.json,,ok,missing,57,0,0,57,0,
Aquaculture-1.21.1-2.7.21.jar,aquaculture,assets/aquaculture/lang/en_us.json,assets/aquaculture/lang/ko_kr.json,ok,ok,291,279,279,12,0,
ars_additions-1.21.1-21.3.0.jar,ars_additions,assets/ars_additions/lang/en_us.json,,ok,missing,235,0,0,235,0,
ars_controle-1.21.1-1.6.15.jar,ars_controle,assets/ars_controle/lang/en_us.json,assets/ars_controle/lang/ko_kr.json,ok,ok,83,83,83,0,0,
ars_creo-1.21.1-5.4.0.jar,ars_creo,assets/ars_creo/lang/en_us.json,,ok,missing,18,0,0,18,0,
ars_elemancy-1.21.1-1.18.3.jar,ars_elemancy,assets/ars_elemancy/lang/en_us.json,assets/ars_elemancy/lang/ko_kr.json,ok,ok,195,325,3,192,322,
ars_elemental-1.21.1-0.7.10.1.jar,ars_elemental,assets/ars_elemental/lang/en_us.json,assets/ars_elemental/lang/ko_kr.json,ok,ok,666,675,666,0,9,
ars_nouveau-1.21.1-5.13.1.jar,ars_nouveau,assets/ars_nouveau/lang/en_us.json,assets/ars_nouveau/lang/ko_kr.json,ok,ok,2467,2382,2361,106,21,
ars_ocultas-1.21.1-2.6.1.jar,ars_ocultas,assets/ars_ocultas/lang/en_us.json,,ok,missing,1,0,0,1,0,
ars_technica-1.21.1-2.7.6.jar,ars_technica,assets/ars_technica/lang/en_us.json,,ok,missing,169,0,0,169,0,
ars_unification-1.2.20.jar,ars_unification,assets/ars_unification/lang/en_us.json,,ok,missing,11,0,0,11,0,
arseng-2.1.1-beta.jar,arseng,assets/arseng/lang/en_us.json,,ok,missing,17,0,0,17,0,
artifacts-neoforge-13.2.3.jar,artifacts,assets/artifacts/lang/en_us.json,assets/artifacts/lang/ko_kr.json,ok,ok,448,441,441,7,0,
auroral-1.21.1-1.1.1.jar,auroral,assets/auroral/lang/en_us.json,,ok,missing,148,0,0,148,0,
Auroras-1.21-1.6.2.jar,auroras,assets/auroras/lang/en_us.json,,ok,missing,1,0,0,1,0,
balm-neoforge-1.21.1-21.0.65.jar,balm,assets/balm/lang/en_us.json,,ok,missing,36,0,0,36,0,
baubley-heart-canisters-1.21.1-1.4.1.jar,bhc,assets/bhc/lang/en_us.json,assets/bhc/lang/ko_kr.json,ok,ok,66,34,34,32,0,
bellsandwhistles-0.4.7-1.21.1.jar,bellsandwhistles,assets/bellsandwhistles/lang/en_us.json,assets/bellsandwhistles/lang/ko_kr.json,ok,ok,39,28,28,11,0,
better-advanced-tooltips-2101.1.0-build.5.jar,betteradvancedtooltips,assets/betteradvancedtooltips/lang/en_us.json,,ok,missing,5,0,0,5,0,
better-compatability-checker-neoforge-21.1.8.jar,bcc,assets/bcc/lang/en_us.json,,ok,missing,2,0,0,2,0,
BetterAdvancements-NeoForge-1.21.1-0.4.3.21.jar,betteradvancements,assets/betteradvancements/lang/en_us.json,,ok,missing,1,0,0,1,0,
bibliobiomes-1.21.1-1.6.1.jar,bibliobiomes,assets/bibliobiomes/lang/en_us.json,,ok,missing,9577,0,0,9577,0,
bibliocraft-1.21.1-1.6.5.jar,bibliocraft,assets/bibliocraft/lang/en_us.json,,ok,missing,2021,0,0,2021,0,
bibliowoods-1.21.1-1.6.2.jar,bibliowoods,assets/bibliowoods/lang/en_us.json,,ok,missing,10833,0,0,10833,0,
blockui-1.0.211-1.21.1-snapshot.jar,blockui,assets/blockui/lang/en_us.json,,ok,missing,8,0,0,8,0,
bookshelf-neoforge-1.21.1-21.1.81.jar,bookshelf,assets/bookshelf/lang/en_us.json,,ok,missing,208,0,0,208,0,
borderless-neoforge-1.21.1-1.7.5_1-all.jar,borderless,assets/borderless/lang/en_us.json,,ok,missing,21,0,0,21,0,
botanypots-neoforge-1.21.1-21.1.44.jar,botanypots,assets/botanypots/lang/en_us.json,,ok,missing,238,0,0,238,0,
BrandonsCore-1.21.1-3.2.1.309.jar,brandonscore,assets/brandonscore/lang/en_us.json,,ok,missing,102,0,0,102,0,
BridgingMod-2.6.2+1.21.1.neoforge-release.jar,bridgingmod,assets/bridgingmod/lang/en_us.json,,ok,missing,96,0,0,96,0,
buildinggadgets2-1.3.9.jar,buildinggadgets2,assets/buildinggadgets2/lang/en_us.json,,ok,missing,112,0,0,112,0,
bwncr-neoforge-1.21.1-3.20.4.jar,bwncr,assets/bwncr/lang/en_us.json,,ok,missing,18,0,0,18,0,
cabletiers-neoforge-1.21.1-0.6.14.jar,cabletiers,assets/cabletiers/lang/en_us.json,,ok,missing,190,0,0,190,0,
caelus-neoforge-7.0.1+1.21.1.jar,caelus,assets/caelus/lang/en_us.json,assets/caelus/lang/ko_kr.json,ok,ok,2,1,1,1,0,
camol-1.21.1-0.3.1.jar,camol,assets/camol/lang/en_us.json,,ok,missing,10,0,0,10,0,
cc-tweaked-1.21.1-forge-1.113.1.jar,computercraft,assets/computercraft/lang/en_us.json,assets/computercraft/lang/ko_kr.json,ok,ok,235,137,137,98,0,
cc-tweaked-1.21.1-forge-1.120.2.jar,computercraft,assets/computercraft/lang/en_us.json,assets/computercraft/lang/ko_kr.json,ok,ok,235,135,135,100,0,
charginggadgets-1.14.1.jar,charginggadgets,assets/charginggadgets/lang/en_us.json,assets/charginggadgets/lang/ko_kr.json,ok,ok,5,5,5,0,0,
chipped-neoforge-1.21.1-4.0.2.jar,chipped,assets/chipped/lang/en_us.json,,ok,missing,7265,0,0,7265,0,
chisel-neoforge-2.0.1+mc1.21.1.jar,chisel,assets/chisel/lang/en_us.json,,ok,missing,2774,0,0,2774,0,
chromacarvings-1.21.1-0.2.0.jar,chromacarvings,assets/chromacarvings/lang/en_us.json,,ok,missing,65,0,0,65,0,
cloth-config-15.0.140-neoforge.jar,cloth-config2,assets/cloth-config2/lang/en_us.json,assets/cloth-config2/lang/ko_kr.json,ok,ok,49,49,49,0,0,
CloudGlass-1.21.1-1.0.2.jar,cloudglass,assets/cloudglass/lang/en_us.json,,ok,missing,17,0,0,17,0,
cobblegengalore-1.21.1-0.2.9.jar,cobblegengalore,assets/cobblegengalore/lang/en_us.json,,ok,missing,10,0,0,10,0,
CodeChickenLib-1.21.1-4.6.1.529.jar,codechickenlib,assets/codechickenlib/lang/en_us.json,,ok,missing,18,0,0,18,0,
colorfulhearts-neoforge-1.21.1-10.5.9.jar,colorfulhearts,assets/colorfulhearts/lang/en_us.json,,ok,missing,14,0,0,14,0,
colorwheel-neoforge-1.2.9+mc1.21.1.jar,colorwheel,assets/colorwheel/lang/en_us.json,,ok,missing,22,0,0,22,0,
comforts-neoforge-9.0.5+1.21.1.jar,comforts,assets/comforts/lang/en_us.json,assets/comforts/lang/ko_kr.json,ok,ok,83,83,83,0,0,
common-storage-lib-neoforge-1.21.1-0.0.10.jar,common_storage_lib,assets/common_storage_lib/lang/en_us.json,,ok,missing,3,0,0,3,0,
commoncapabilities-1.21.1-neoforge-2.11.5-363.jar,commoncapabilities,assets/commoncapabilities/lang/en_us.json,assets/commoncapabilities/lang/ko_kr.json,ok,ok,10,0,0,10,0,
compactmachines-neoforge-7.0.81.jar,compactmachines,assets/compactmachines/lang/en_us.json,,ok,missing,58,0,0,58,0,
connectedglass-1.1.14-neoforge-mc1.21.jar,connectedglass,assets/connectedglass/lang/en_us.json,assets/connectedglass/lang/ko_kr.json,ok,ok,120,120,119,1,1,
ConstructionSticks-1.21.1-1.4.2.jar,constructionstick,assets/constructionstick/lang/en_us.json,,ok,missing,142,0,0,142,0,
Controlling-neoforge-1.21.1-19.0.5.jar,controlling,assets/controlling/lang/en_us.json,assets/controlling/lang/ko_kr.json,ok,ok,12,10,10,2,0,
cookingforblockheads-neoforge-1.21.1-21.1.24.jar,cookingforblockheads,assets/cookingforblockheads/lang/en_us.json,assets/cookingforblockheads/lang/ko_kr.json,ok,ok,260,257,251,9,6,
cosmeticarmorreworked-1.21.1-v1-neoforge.jar,cosmeticarmorreworked,assets/cosmeticarmorreworked/lang/en_us.json,assets/cosmeticarmorreworked/lang/ko_kr.json,ok,ok,5,5,5,0,0,
crafting_on_a_stick-1.21.0.6.jar,crafting_on_a_stick,assets/crafting_on_a_stick/lang/en_us.json,assets/crafting_on_a_stick/lang/ko_kr.json,ok,ok,14,13,13,1,0,
craftingtweaks-neoforge-1.21.1-21.1.11.jar,craftingtweaks,assets/craftingtweaks/lang/en_us.json,,ok,missing,40,0,0,40,0,
crashutilities-9.0.4.jar,crashutilities,assets/crashutilities/lang/en_us.json,,ok,missing,4,0,0,4,0,
create-1.21.1-6.0.10.jar,create,assets/create/lang/en_us.json,assets/create/lang/ko_kr.json,ok,ok,3639,3619,3617,22,2,
create-enchantment-industry-2.5.3b.jar,create_dragons_plus,assets/create_dragons_plus/lang/en_us.json,,ok,missing,1,0,0,1,0,
create-enchantment-industry-2.5.3b.jar,create_enchantment_industry,assets/create_enchantment_industry/lang/en_us.json,,ok,missing,592,0,0,592,0,
create_aquatic_ambitions-1.21.1-2.0.4.jar,create_aquatic_ambitions,assets/create_aquatic_ambitions/lang/en_us.json,,ok,missing,39,0,0,39,0,
create_hypertube-0.6.0-NEOFORGE.jar,create_hypertube,assets/create_hypertube/lang/en_us.json,assets/create_hypertube/lang/ko_kr.json,ok,ok,64,50,50,14,0,
createaddition-1.7.0.jar,createaddition,assets/createaddition/lang/en_us.json,assets/createaddition/lang/ko_kr.json,ok,ok,262,237,237,25,0,
CreateDragonsPlus-1.11.7b.jar,create_dragons_plus,assets/create_dragons_plus/lang/en_us.json,,ok,missing,351,0,0,351,0,
CreeperOverhaul-neoforge-1.21.1-4.0.6.jar,creeperoverhaul,assets/creeperoverhaul/lang/en_us.json,assets/creeperoverhaul/lang/ko_kr.json,ok,ok,62,59,59,3,0,
cristellib-neoforge-1.21.1-3.1.7.jar,cristellib,assets/cristellib/lang/en_us.json,,ok,missing,4,0,0,4,0,
crystalix-3.0.0.jar,crystalix,assets/crystalix/lang/en_us.json,,ok,missing,59,0,0,59,0,
CTM-1.21-1.2.1+3.jar,ctm,assets/ctm/lang/en_us.json,,ok,missing,7,0,0,7,0,
Cucumber-1.21.1-8.0.16.jar,cucumber,assets/cucumber/lang/en_us.json,assets/cucumber/lang/ko_kr.json,ok,ok,16,12,12,4,0,
curios-neoforge-9.5.1+1.21.1.jar,curios,assets/curios/lang/en_us.json,assets/curios/lang/ko_kr.json,ok,ok,48,41,41,7,0,
cyclopscore-1.21.1-neoforge-1.29.3.jar,cyclopscore,assets/cyclopscore/lang/en_us.json,assets/cyclopscore/lang/ko_kr.json,ok,ok,42,0,0,42,0,
darkmodeeverywhere-neoforge-1.21.1-1.4.0.jar,darkmodeeverywhere,assets/darkmodeeverywhere/lang/en_us.json,,ok,missing,24,0,0,24,0,
deeperdarker-neoforge-1.21.1-1.4.1.jar,deeperdarker,assets/deeperdarker/lang/en_us.json,assets/deeperdarker/lang/ko_kr.json,ok,ok,369,212,210,159,2,
DimStorage-1.21.1-9.1.1.jar,dimstorage,assets/dimstorage/lang/en_us.json,assets/dimstorage/lang/ko_kr.json,ok,ok,36,34,30,6,4,
disenchanting_table-merged-1.21.1-5.0.2.jar,disenchanting_table,assets/disenchanting_table/lang/en_us.json,,ok,missing,2,0,0,2,0,
domum-ornamentum-1.0.234-snapshot-main.jar,domum_ornamentum,assets/domum_ornamentum/lang/en_us.json,,ok,missing,214,0,0,214,0,
Draconic-Evolution-1.21.1-3.1.4.632.jar,draconicevolution,assets/draconicevolution/lang/en_us.json,,ok,missing,735,0,0,735,0,
drippyloadingscreen_neoforge_3.1.5_MC_1.21.1.jar,drippyloadingscreen,assets/drippyloadingscreen/lang/en_us.json,,ok,missing,46,0,0,46,0,
dummmmmmy-neoforge-1.21-2.1.0.jar,dummmmmmy,assets/dummmmmmy/lang/en_us.json,assets/dummmmmmy/lang/ko_kr.json,ok,ok,7,7,7,0,0,
DungeonsArise-1.21.1-2.1.68-release.jar,dungeons_arise,assets/dungeons_arise/lang/en_us.json,,ok,missing,119,0,0,119,0,
dyenamics-1.21.1-3.4.2.jar,dyenamics,assets/dyenamics/lang/en_us.json,,ok,missing,253,0,0,253,0,
dyenamicsandfriends-1.21.1-2.2.2.jar,dyenamicsandfriends,assets/dyenamicsandfriends/lang/en_us.json,,ok,missing,2090,0,0,2090,0,
dysoncubeproject-1.0.5.jar,dysoncubeproject,assets/dysoncubeproject/lang/en_us.json,,ok,missing,34,0,0,34,0,
easy-villagers-neoforge-1.21.1-1.1.42.jar,easy_villagers,assets/easy_villagers/lang/en_us.json,assets/easy_villagers/lang/ko_kr.json,ok,ok,32,32,32,0,0,
elevatorid-neoforge-1.21.1-1.11.4.jar,elevatorid,assets/elevatorid/lang/en_us.json,assets/elevatorid/lang/ko_kr.json,ok,ok,29,24,24,5,0,
enchdesc-neoforge-1.21.1-21.1.11.jar,enchdesc,assets/enchdesc/lang/en_us.json,assets/enchdesc/lang/ko_kr.json,ok,ok,182,45,45,137,0,
enderdrives-neoforge-1.21.1-1.5.23.jar,enderdrives,assets/enderdrives/lang/en_us.json,,ok,missing,140,0,0,140,0,
enderio-8.2.11-beta.jar,enderio,assets/enderio/lang/en_us.json,assets/enderio/lang/ko_kr.json,ok,ok,605,605,605,0,0,
endermanoverhaul-neoforge-1.21.1-2.0.3.jar,endermanoverhaul,assets/endermanoverhaul/lang/en_us.json,,ok,missing,135,0,0,135,0,
EnderStorage-1.21.1-2.13.0.191.jar,enderstorage,assets/enderstorage/lang/en_us.json,assets/enderstorage/lang/ko_kr.json,ok,ok,8,8,8,0,0,
energymeter-neoforge-1.21.1-0.5.2.jar,energymeter,assets/energymeter/lang/en_us.json,,ok,missing,64,0,0,64,0,
entangled-1.3.21-neoforge-mc1.21.jar,entangled,assets/entangled/lang/en_us.json,assets/entangled/lang/ko_kr.json,ok,ok,24,21,19,5,2,
eternalstarlight-0.9.0+1.21.1+neoforge.jar,eternal_starlight,assets/eternal_starlight/lang/en_us.json,,ok,missing,1810,0,0,1810,0,
everythingcopper-1.21.1-2.4.5.jar,everythingcopper,assets/everythingcopper/lang/en_us.json,,ok,missing,356,0,0,356,0,
evilcraft-1.21.1-neoforge-1.2.94.jar,evilcraft,assets/evilcraft/lang/en_us.json,assets/evilcraft/lang/ko_kr.json,ok,ok,628,0,0,628,0,
evilcraft-1.21.1-neoforge-1.2.94.jar,evilcraftcompat,assets/evilcraftcompat/lang/en_us.json,assets/evilcraftcompat/lang/ko_kr.json,ok,ok,29,0,0,29,0,
expandedae-2.1.1.jar,expandedae,assets/expandedae/lang/en_us.json,,ok,missing,69,0,0,69,0,
ExplorersCompass-1.21.1-3.4.0-neoforge.jar,explorerscompass,assets/explorerscompass/lang/en_us.json,,ok,missing,68,0,0,68,0,
extended-industrialization-1.16.2-1.21.1.jar,extended_industrialization,assets/extended_industrialization/lang/en_us.json,,ok,missing,333,0,0,333,0,
ExtendedAE-1.21-2.2.35-neoforge.jar,extendedae,assets/extendedae/lang/en_us.json,assets/extendedae/lang/ko_kr.json,ok,ok,253,78,78,175,0,
ExtraDisks-1.21.1-4.0.15.jar,extradisks,assets/extradisks/lang/en_us.json,assets/extradisks/lang/ko_kr.json,ok,ok,127,46,46,81,0,
ExtraStorage-1.21.1-5.0.10.jar,extrastorage,assets/extrastorage/lang/en_us.json,assets/extrastorage/lang/ko_kr.json,ok,ok,46,44,32,14,12,
ExtremeReactors2-1.21.1-2.4.28.jar,bigreactors,assets/bigreactors/lang/en_us.json,,ok,missing,522,0,0,522,0,
ExtremeSoundMuffler-3.56_NeoForge-1.21.jar,extremesoundmuffler,assets/extremesoundmuffler/lang/en_us.json,,ok,missing,77,0,0,77,0,
factory_blocks-neoforge-1.4.0+mc1.21.1.jar,factory_blocks,assets/factory_blocks/lang/en_us.json,,ok,missing,101,0,0,101,0,
fancymenu_neoforge_3.9.12_MC_1.21.1.jar,fancymenu,assets/fancymenu/lang/en_us.json,assets/fancymenu/lang/ko_kr.json,ok,ok,3368,3367,3367,1,0,
FarmersDelight-1.21.1-1.3.3.jar,farmersdelight,assets/farmersdelight/lang/en_us.json,assets/farmersdelight/lang/ko_kr.json,ok,ok,479,479,479,0,0,
farmingforblockheads-neoforge-1.21.1-21.1.13.jar,farmingforblockheads,assets/farmingforblockheads/lang/en_us.json,assets/farmingforblockheads/lang/ko_kr.json,ok,ok,55,33,21,34,12,
FastWorkbench-1.21.1-9.1.3.jar,fastbench,assets/fastbench/lang/en_us.json,,ok,missing,7,0,0,7,0,
fireproofboats-1.21.1-1.0.4.jar,fireproofboats,assets/fireproofboats/lang/en_us.json,,ok,missing,4,0,0,4,0,
FluxNetworks-1.21.1-8.0.0.jar,fluxnetworks,assets/fluxnetworks/lang/en_us.json,,ok,missing,123,0,0,123,0,
forbidden_arcanus-2.6.1.jar,forbidden_arcanus,assets/forbidden_arcanus/lang/en_us.json,,ok,missing,288,0,0,288,0,
formations-1.0.4-neoforge-mc1.21.jar,formations,assets/formations/lang/en_us.json,,ok,missing,35,0,0,35,0,
FramedBlocks-10.6.1.jar,framedblocks,assets/framedblocks/lang/en_us.json,,ok,missing,436,0,0,436,0,
ftb-chunks-neoforge-2101.1.21.jar,ftbchunks,assets/ftbchunks/lang/en_us.json,assets/ftbchunks/lang/ko_kr.json,ok,ok,344,74,58,286,16,
ftb-essentials-neoforge-2101.1.10.jar,ftbessentials,assets/ftbessentials/lang/en_us.json,,ok,missing,94,0,0,94,0,
ftb-filter-system-neoforge-21.1.4.jar,ftbfiltersystem,assets/ftbfiltersystem/lang/en_us.json,,ok,missing,65,0,0,65,0,
ftb-jei-extras-21.1.7.jar,ftbjeiextras,assets/ftbjeiextras/lang/en_us.json,,ok,missing,0,0,0,0,0,
ftb-library-neoforge-2101.1.35.jar,ftblibrary,assets/ftblibrary/lang/en_us.json,,ok,missing,113,0,0,113,0,
ftb-quests-neoforge-2101.1.34.jar,ftbquests,assets/ftbquests/lang/en_us.json,,ok,missing,768,0,0,768,0,
ftb-teams-neoforge-2101.1.11.jar,ftbteams,assets/ftbteams/lang/en_us.json,assets/ftbteams/lang/ko_kr.json,ok,ok,112,27,27,85,0,
ftb-ultimine-neoforge-2101.1.15.jar,ftbultimine,assets/ftbultimine/lang/en_us.json,assets/ftbultimine/lang/ko_kr.json,ok,ok,89,17,17,72,0,
ftb-xmod-compat-neoforge-21.1.11.jar,ftbxmodcompat,assets/ftbxmodcompat/lang/en_us.json,,ok,missing,0,0,0,0,0,
ftbquestslangsplitter-1.0.7.jar,ftbquestslangsplitter,assets/ftbquestslangsplitter/lang/en_us.json,,ok,missing,13,0,0,13,0,
functionalstorage-1.21.1-1.5.8.jar,functionalstorage,assets/functionalstorage/lang/en_us.json,assets/functionalstorage/lang/ko_kr.json,ok,ok,162,157,157,5,0,
fusion-1.3.14a-neoforge-mc1.21.1.jar,fusion,assets/fusion/lang/en_us.json,,ok,missing,8,0,0,8,0,
fzzy_config-0.7.6+1.21+neoforge.jar,fzzy_config,assets/fzzy_config/lang/en_us.json,,ok,missing,287,0,0,287,0,
GatewaysToEternity-1.21.1-5.1.0.jar,gateways,assets/gateways/lang/en_us.json,,ok,missing,96,0,0,96,0,
generatorgalore-1.21.1-1.7.0.jar,generatorgalore,assets/generatorgalore/lang/en_us.json,,ok,missing,75,0,0,75,0,
getittogetherdrops-neoforge-1.21.5-1.4.jar,getittogetherdrops,assets/getittogetherdrops/lang/en_us.json,,ok,missing,4,0,0,4,0,
Glassential-renewed-1.21.1-3.4.5.jar,glassential,assets/glassential/lang/en_us.json,assets/glassential/lang/ko_kr.json,ok,ok,151,14,14,137,0,
GravitationalModulatingAdditionalUnit-1.21.1-6.4.jar,gmut,assets/gmut/lang/en_us.json,assets/gmut/lang/ko_kr.json,ok,ok,11,9,9,2,0,
guideme-21.1.17.jar,guideme,assets/guideme/lang/en_us.json,,ok,missing,36,0,0,36,0,
handcrafted-neoforge-1.21.1-4.0.3.jar,handcrafted,assets/handcrafted/lang/en_us.json,assets/handcrafted/lang/ko_kr.json,ok,ok,392,370,240,152,130,
hardenedarmadillos-1.21.1-0.2.0.jar,hardenedarmadillos,assets/hardenedarmadillos/lang/en_us.json,,ok,missing,1,0,0,1,0,
herbsandharvest-1.21.1-19.jar,herbsandharvest,assets/herbsandharvest/lang/en_us.json,,ok,missing,878,0,0,878,0,
HostileNeuralNetworks-1.21.1-6.5.1.jar,hostilenetworks,assets/hostilenetworks/lang/en_us.json,assets/hostilenetworks/lang/ko_kr.json,ok,ok,279,98,96,183,2,
iceandfire-2.0-beta.17.jar,iceandfire,assets/iceandfire/lang/en_us.json,assets/iceandfire/lang/ko_kr.json,ok,ok,1744,1195,1195,549,0,
illagerwarship-1.0.1-neoforge-1.21.1.jar,illagerwarship,assets/illagerwarship/lang/en_us.json,,ok,missing,0,0,0,0,0,
imfast-NEOFORGE-1.21.1-1.0.3.jar,imfast,assets/imfast/lang/en_us.json,,ok,missing,3,0,0,3,0,
Immersive-Energistics-1.1.0-beta.jar,immeng,assets/immeng/lang/en_us.json,,ok,missing,4,0,0,4,0,
ImmersiveEngineering-1.21.1-12.4.2-194.jar,immersiveengineering,assets/immersiveengineering/lang/en_us.json,assets/immersiveengineering/lang/ko_kr.json,ok,ok,1952,1235,1038,914,197,
industrial-foregoing-souls-1.21.1-1.10.7.jar,industrialforegoingsouls,assets/industrialforegoingsouls/lang/en_us.json,,ok,missing,5,0,0,5,0,
industrialforegoing-1.21-3.6.39.jar,industrialforegoing,assets/industrialforegoing/lang/en_us.json,assets/industrialforegoing/lang/ko_kr.json,ok,ok,683,583,583,100,0,
industrialization_overdrive-1.12.2+1.21.1.jar,industrialization_overdrive,assets/industrialization_overdrive/lang/en_us.json,,ok,missing,30,0,0,30,0,
integratedcrafting-1.21.1-neoforge-1.5.0-646.jar,integratedcrafting,assets/integratedcrafting/lang/en_us.json,assets/integratedcrafting/lang/ko_kr.json,ok,ok,110,87,87,23,0,
integrateddynamics-1.21.1-neoforge-1.35.0-1981.jar,integrateddynamics,assets/integrateddynamics/lang/en_us.json,assets/integrateddynamics/lang/ko_kr.json,ok,ok,1776,1486,1486,290,0,
integrateddynamics-1.21.1-neoforge-1.35.0-1981.jar,integrateddynamicscompat,assets/integrateddynamicscompat/lang/en_us.json,assets/integrateddynamicscompat/lang/ko_kr.json,ok,ok,213,0,0,213,0,
integratedscripting-1.21.1-neoforge-1.0.26.jar,integratedscripting,assets/integratedscripting/lang/en_us.json,assets/integratedscripting/lang/ko_kr.json,ok,ok,168,0,0,168,0,
integratedterminals-1.21.1-neoforge-1.8.0-840.jar,integratedterminals,assets/integratedterminals/lang/en_us.json,assets/integratedterminals/lang/ko_kr.json,ok,ok,179,164,164,15,0,
integratedterminals-1.21.1-neoforge-1.8.0-840.jar,integratedterminalscompat,assets/integratedterminalscompat/lang/en_us.json,assets/integratedterminalscompat/lang/ko_kr.json,ok,ok,19,0,0,19,0,
integratedtunnels-1.21.1-neoforge-1.10.0-729.jar,integratedtunnels,assets/integratedtunnels/lang/en_us.json,assets/integratedtunnels/lang/ko_kr.json,ok,ok,495,429,429,66,0,
interdimensionalwirelesstransmitter-neoforge-1.21.1-0.1.5.jar,interdimensionalwirelesstransmitter,assets/interdimensionalwirelesstransmitter/lang/en_us.json,,ok,missing,10,0,0,10,0,
invasiveopts-1.0.23.jar,invasiveopts,assets/invasiveopts/lang/en_us.json,,ok,missing,3,0,0,3,0,
invtweaks-1.21.1-1.3.2.jar,invtweaks,assets/invtweaks/lang/en_us.json,,ok,missing,4,0,0,4,0,
iris-neoforge-1.8.14-beta.1+mc1.21.1.jar,iris,assets/iris/lang/en_us.json,assets/iris/lang/ko_kr.json,ok,ok,73,67,67,6,0,
IrisSearch-1.6.1-neoforge.jar,iris_search,assets/iris_search/lang/en_us.json,,ok,missing,9,0,0,9,0,
ironfurnaces-neoforge-1.21.1-4.3.2.jar,ironfurnaces,assets/ironfurnaces/lang/en_us.json,,ok,missing,143,0,0,143,0,
IronJetpacks-1.21.1-8.0.11.jar,ironjetpacks,assets/ironjetpacks/lang/en_us.json,,ok,missing,42,0,0,42,0,
irons_jewelry-1.21.1-2.0.2.jar,irons_jewelry,assets/irons_jewelry/lang/en_us.json,assets/irons_jewelry/lang/ko_kr.json,ok,ok,262,280,220,42,60,
irons_lib-1.21.1-2.1.0.jar,irons_lib,assets/irons_lib/lang/en_us.json,,ok,missing,70,0,0,70,0,
irons_lib-1.21.1-2.1.0.jar,irons_patreon_lib,assets/irons_patreon_lib/lang/en_us.json,,ok,missing,2,0,0,2,0,
irons_spellbooks-1.21.1-3.16.3.jar,irons_spellbooks,assets/irons_spellbooks/lang/en_us.json,assets/irons_spellbooks/lang/ko_kr.json,ok,ok,1315,1253,1227,88,26,
itemcollectors-1.1.10-neoforge-mc1.21.jar,itemcollectors,assets/itemcollectors/lang/en_us.json,assets/itemcollectors/lang/ko_kr.json,ok,ok,15,14,12,3,2,
Jade-1.21.1-NeoForge-15.10.6.jar,jade,assets/jade/lang/en_us.json,assets/jade/lang/ko_kr.json,ok,ok,410,310,308,102,2,
jearchaeology-1.21.1-1.2.0.jar,jearchaeology,assets/jearchaeology/lang/en_us.json,,ok,missing,156,0,0,156,0,
jei-1.21.1-neoforge-19.50.0.414.jar,jei,assets/jei/lang/en_us.json,assets/jei/lang/ko_kr.json,ok,ok,312,150,149,163,1,
journeymap-neoforge-1.21.1-6.0.6.jar,journeymap,assets/journeymap/lang/en_us.json,assets/journeymap/lang/ko_kr.json,ok,ok,1397,1402,1371,26,31,
jupiter-2.3.7-1.21.1-neoforge.jar,jupiter,assets/jupiter/lang/en_us.json,,ok,missing,45,0,0,45,0,
justdirethings-1.5.7.jar,justdirethings,assets/justdirethings/lang/en_us.json,,ok,missing,488,0,0,488,0,
justenoughbreeding-neoforge-1.21.1-3.2.1.jar,justenoughbreeding,assets/justenoughbreeding/lang/en_us.json,,ok,missing,22,0,0,22,0,
JustEnoughMekanismMultiblocks-1.21.1-7.18.jar,jei_mekanism_multiblocks,assets/jei_mekanism_multiblocks/lang/en_us.json,assets/jei_mekanism_multiblocks/lang/ko_kr.json,ok,ok,84,80,80,4,0,
JustEnoughProfessions-neoforge-1.21.1-4.0.5.jar,justenoughprofessions,assets/justenoughprofessions/lang/en_us.json,,ok,missing,1,0,0,1,0,
justzoom_neoforge_2.1.0_MC_1.21.1.jar,justzoom,assets/justzoom/lang/en_us.json,,ok,missing,29,0,0,29,0,
keybindbundles-1.4.0.jar,keybindbundles,assets/keybindbundles/lang/en_us.json,,ok,missing,26,0,0,26,0,
KeybindsPurger-1.4.0-neoforge-1.21.1.jar,keybindspurger,assets/keybindspurger/lang/en_us.json,,ok,missing,4,0,0,4,0,
kubejstweaks-1.0.6.jar,kubejstweaks,assets/kubejstweaks/lang/en_us.json,,ok,missing,4,0,0,4,0,
L_Ender's Cataclysm 1.21.1-3.33.jar,cataclysm,assets/cataclysm/lang/en_us.json,assets/cataclysm/lang/ko_kr.json,ok,ok,735,707,707,28,0,
laserbridges-1.21.1-neoforge-6.jar,laserbridges,assets/laserbridges/lang/en_us.json,,ok,missing,9,0,0,9,0,
laserio-1.9.11.jar,laserio,assets/laserio/lang/en_us.json,,ok,missing,95,0,0,95,0,
lionfishapi-3.1.jar,lionfishapi,assets/lionfishapi/lang/en_us.json,,ok,missing,4,0,0,4,0,
little-big-redstone-1.9.10-1.21.1.jar,little_big_redstone,assets/little_big_redstone/lang/en_us.json,,ok,missing,293,0,0,293,0,
livingthings-neoforge-1.21.1-2.3.1.jar,livingthings,assets/livingthings/lang/en_us.json,,ok,missing,106,0,0,106,0,
logisticsnetworks-1.21.1-1.13.0.jar,logisticsnetworks,assets/logisticsnetworks/lang/en_us.json,,ok,missing,454,0,0,454,0,
lootr-neoforge-1.21.1-1.11.38.124.jar,lootr,assets/lootr/lang/en_us.json,assets/lootr/lang/ko_kr.json,ok,ok,221,221,221,0,0,
luminax-1.3.1_neoforge_1.21.1.jar,luminax,assets/luminax/lang/en_us.json,,ok,missing,193,0,0,193,0,
mahoutsukai-1.21.1-v1.36.27.jar,mahoutsukai,assets/mahoutsukai/lang/en_us.json,assets/mahoutsukai/lang/ko_kr.json,ok,ok,1923,1864,1338,585,526,
mcjtylib-1.21-9.0.21.jar,mcjtylib,assets/mcjtylib/lang/en_us.json,,ok,missing,3,0,0,3,0,
mcw-bridges-3.1.2-mc1.21.1neoforge.jar,mcwbridges,assets/mcwbridges/lang/en_us.json,assets/mcwbridges/lang/ko_kr.json,ok,ok,156,156,156,0,0,
mcw-doors-1.1.5-mc1.21.1neoforge.jar,mcwdoors,assets/mcwdoors/lang/en_us.json,assets/mcwdoors/lang/ko_kr.json,ok,ok,288,287,287,1,0,
mcw-furniture-3.4.1-mc1.21.1neoforge.jar,mcwfurnitures,assets/mcwfurnitures/lang/en_us.json,assets/mcwfurnitures/lang/ko_kr.json,ok,ok,661,665,605,56,60,
mcw-holidays-1.1.2-mc1.21.1neoforge.jar,mcwholidays,assets/mcwholidays/lang/en_us.json,assets/mcwholidays/lang/ko_kr.json,ok,ok,338,336,336,2,0,
mcw-lights-1.1.5-mc1.21.1neoforge.jar,mcwlights,assets/mcwlights/lang/en_us.json,assets/mcwlights/lang/ko_kr.json,ok,ok,146,138,137,9,1,
mcw-mcwfences-1.2.1-mc1.21.1neoforge.jar,mcwfences,assets/mcwfences/lang/en_us.json,assets/mcwfences/lang/ko_kr.json,ok,ok,184,160,153,31,7,
mcw-mcwpaths-1.1.1-mc1.21.1neoforge.jar,mcwpaths,assets/mcwpaths/lang/en_us.json,,ok,missing,318,0,0,318,0,
mcw-mcwstairs-1.0.2-mc1.21.1neoforge.jar,mcwstairs,assets/mcwstairs/lang/en_us.json,assets/mcwstairs/lang/ko_kr.json,ok,ok,228,228,228,0,0,
mcw-mcwwindows-2.4.2-mc1.21.1neoforge.jar,mcwwindows,assets/mcwwindows/lang/en_us.json,assets/mcwwindows/lang/ko_kr.json,ok,ok,326,326,326,0,0,
mcw-roofs-2.3.2-mc1.21.1neoforge.jar,mcwroofs,assets/mcwroofs/lang/en_us.json,,ok,missing,610,0,0,610,0,
mcw-trapdoors-1.1.5-mc1.21.1neoforge.jar,mcwtrpdoors,assets/mcwtrpdoors/lang/en_us.json,assets/mcwtrpdoors/lang/ko_kr.json,ok,error,201,0,0,201,0,"assets/mcwtrpdoors/lang/ko_kr.json: JSONDecodeError: Expecting ',' delimiter: line 120 column 2 (char 6386)"
Measurements-neoforge-1.21.1-3.0.3.jar,measurements,assets/measurements/lang/en_us.json,,ok,missing,15,0,0,15,0,
megacells-4.11.0.jar,megacells,assets/megacells/lang/en_us.json,,ok,missing,134,0,0,134,0,
Mekanism-1.21.1-10.7.19.85.jar,mekanism,assets/mekanism/lang/en_us.json,assets/mekanism/lang/ko_kr.json,ok,ok,3239,1824,1821,1418,3,
mekanismcovers-1.3-BETA+1.21.jar,mekanismcovers,assets/mekanismcovers/lang/en_us.json,,ok,missing,3,0,0,3,0,
MekanismGenerators-1.21.1-10.7.19.85.jar,mekanismgenerators,assets/mekanismgenerators/lang/en_us.json,assets/mekanismgenerators/lang/ko_kr.json,ok,ok,364,211,211,153,0,
MekanismTools-1.21.1-10.7.19.85.jar,mekanismtools,assets/mekanismtools/lang/en_us.json,assets/mekanismtools/lang/ko_kr.json,ok,ok,800,185,185,615,0,
mekanisticrouters-1.2.0.jar,mekanisticrouters,assets/mekanisticrouters/lang/en_us.json,,ok,missing,13,0,0,13,0,
mekmm-1.21.1-1.4.1.jar,mekmm,assets/mekmm/lang/en_us.json,,ok,missing,702,0,0,702,0,
memorysettings-1.21-6.0.jar,memorysettings,assets/memorysettings/lang/en_us.json,,ok,missing,8,0,0,8,0,
merequester-neoforge-1.21.1-1.4.3.jar,merequester,assets/merequester/lang/en_us.json,,ok,missing,27,0,0,27,0,
merrymaking-1.21.1-16.jar,merrymaking,assets/merrymaking/lang/en_us.json,,ok,missing,472,0,0,472,0,
mffs-5.4.44.jar,mffs,assets/mffs/lang/en_us.json,,ok,missing,186,0,0,186,0,
mifa-neoforge-1.21.x-2.1.0.jar,mifa,assets/mifa/lang/en_us.json,,ok,missing,3,0,0,3,0,
minecolonies-1.1.1374-1.21.1-snapshot.jar,minecolonies,assets/minecolonies/lang/en_us.json,assets/minecolonies/lang/ko_kr.json,ok,ok,3898,3898,3898,0,0,
mininggadgets-1.18.7.jar,mininggadgets,assets/mininggadgets/lang/en_us.json,,ok,missing,85,0,0,85,0,
mob_grinding_utils-1.1.10+mc1.21.1.jar,mob_grinding_utils,assets/mob_grinding_utils/lang/en_us.json,,ok,missing,146,0,0,146,0,
Modern-Dynamics-0.9.6.jar,moderndynamics,assets/moderndynamics/lang/en_us.json,,ok,missing,72,0,0,72,0,
Modern-Industrialization-2.5.6.jar,modern_industrialization,assets/modern_industrialization/lang/en_us.json,assets/modern_industrialization/lang/ko_kr.json,ok,ok,1843,1244,1244,599,0,
modernfix-neoforge-5.27.20+mc1.21.1.jar,modernfix,assets/modernfix/lang/en_us.json,,ok,missing,155,0,0,155,0,
modonomicon-1.21.1-neoforge-1.120.4.jar,modonomicon,assets/modonomicon/lang/en_us.json,,ok,missing,215,0,0,215,0,
modular-routers-13.2.7+mc1.21.1.jar,modularrouters,assets/modularrouters/lang/en_us.json,assets/modularrouters/lang/ko_kr.json,ok,ok,371,357,270,101,87,
ModularBees-1.21.1-3.4-neoforge.jar,modularbees,assets/modularbees/lang/en_us.json,,ok,missing,59,0,0,59,0,
MoogsEndStructures-1.21-2.0.3.jar,mes,assets/mes/lang/en_us.json,,ok,missing,7,0,0,7,0,
MoogsNetherStructures-1.21-3.0.0.jar,mns,assets/mns/lang/en_us.json,,ok,missing,7,0,0,7,0,
MoogsSoaringStructures-1.21-2.1.2.jar,mss,assets/mss/lang/en_us.json,,ok,missing,7,0,0,7,0,
MoogsStructureLib-neoforge-1.21.1-3.1.2.jar,moogs_structures,assets/moogs_structures/lang/en_us.json,,ok,missing,14,0,0,14,0,
MoogsVoyagerStructures-1.21-5.0.14.jar,mvs,assets/mvs/lang/en_us.json,,ok,missing,7,0,0,7,0,
moonlight-1.21.1-3.5.2-neoforge.jar,moonlight,assets/moonlight/lang/en_us.json,,ok,missing,136,0,0,136,0,
moreoverlays-1.24.2-mc1.21.1-neoforge.jar,moreoverlays,assets/moreoverlays/lang/en_us.json,,ok,missing,40,0,0,40,0,
morered-1.21.1-6.0.0.3.jar,morered,assets/morered/lang/en_us.json,,ok,missing,51,0,0,51,0,
mostructures-neoforge-1.6.0+1.21.1.jar,mostructures,assets/mostructures/lang/en_us.json,,ok,missing,27,0,0,27,0,
multipiston-1.2.58-1.21.1.jar,multipiston,assets/multipiston/lang/en_us.json,,ok,missing,2,0,0,2,0,
MysticalAgradditions-1.21.1-8.0.14.jar,mysticalagradditions,assets/mysticalagradditions/lang/en_us.json,assets/mysticalagradditions/lang/ko_kr.json,ok,ok,104,39,39,65,0,
MysticalAgriculture-1.21.1-8.0.27.jar,mysticalagriculture,assets/mysticalagriculture/lang/en_us.json,assets/mysticalagriculture/lang/ko_kr.json,ok,ok,745,436,434,311,2,
NaturesAura-41.9.jar,naturesaura,assets/naturesaura/lang/en_us.json,,ok,missing,242,0,0,242,0,
NaturesCompass-1.21.1-3.4.0-neoforge.jar,naturescompass,assets/naturescompass/lang/en_us.json,assets/naturescompass/lang/ko_kr.json,ok,ok,44,44,44,0,0,
NeoAuth-1.21.1-1.0.1.jar,neo_auth,assets/neo_auth/lang/en_us.json,,ok,missing,45,0,0,45,0,
neovitae-1.21.1-1.1.15.jar,neovitae,assets/neovitae/lang/en_us.json,,ok,missing,3053,0,0,3053,0,
NoChatReports-NEOFORGE-1.21.1-v2.9.1.jar,nochatreports,assets/nochatreports/lang/en_us.json,assets/nochatreports/lang/ko_kr.json,ok,ok,129,129,129,0,0,
not_enough_glyphs-1.21.1-4.6.1.jar,not_enough_glyphs,assets/not_enough_glyphs/lang/en_us.json,,ok,missing,249,0,0,249,0,
notenoughanimations-neoforge-1.12.4-mc1.21.1.jar,notenoughanimations,assets/notenoughanimations/lang/en_us.json,,ok,missing,107,0,0,107,0,
observable-5.4.4.jar,observable,assets/observable/lang/en_us.json,,ok,missing,34,0,0,34,0,
occultism-1.21.1-neoforge-1.224.4.jar,occultism,assets/occultism/lang/en_us.json,assets/occultism/lang/ko_kr.json,ok,ok,3587,3587,3587,0,0,
Oh-The-Biomes-Weve-Gone-NeoForge-2.6.0.jar,biomeswevegone,assets/biomeswevegone/lang/en_us.json,,ok,missing,1169,0,0,1169,0,
oracle_index-neoforge-1.3.1.jar,oracle_index,assets/oracle_index/lang/en_us.json,,ok,missing,17,0,0,17,0,
oritech-neoforge-1.21.1-1.2.11.jar,oritech,assets/oritech/lang/en_us.json,,ok,missing,1256,0,0,1256,0,
owo-lib-neoforge-0.12.15.5-beta.1+1.21.jar,owo,assets/owo/lang/en_us.json,,ok,missing,25,0,0,25,0,
pamhc2crops-NEOFORGE-1.21.1-1.0.9.jar,pamhc2crops,assets/pamhc2crops/lang/en_us.json,,ok,missing,320,0,0,320,0,
pamhc2foodcore-NEOFORGE-1.21.1-1.0.4.jar,pamhc2foodcore,assets/pamhc2foodcore/lang/en_us.json,,ok,missing,203,0,0,203,0,
pamhc2foodextended-NEOFORGE-1.21.1-1.0.0.jar,pamhc2foodextended,assets/pamhc2foodextended/lang/en_us.json,,ok,missing,872,0,0,872,0,
pamhc2trees-NEOFORGE-1.21.1-1.0.9.jar,pamhc2trees,assets/pamhc2trees/lang/en_us.json,,ok,missing,158,0,0,158,0,
Patchouli-1.21.1-93-NEOFORGE.jar,patchouli,assets/patchouli/lang/en_us.json,assets/patchouli/lang/ko_kr.json,ok,ok,92,87,87,5,0,
pipez-neoforge-1.21.1-1.2.31.jar,pipez,assets/pipez/lang/en_us.json,assets/pipez/lang/ko_kr.json,ok,ok,83,83,83,0,0,
Placebo-1.21.1-9.9.2.jar,placebo,assets/placebo/lang/en_us.json,assets/placebo/lang/ko_kr.json,ok,ok,6,6,6,0,0,
pneumaticcraft-repressurized-8.2.23+mc1.21.1.jar,pneumaticcraft,assets/pneumaticcraft/lang/en_us.json,,ok,missing,2271,0,0,2271,0,
pocketstorage-1.2.5+1.21.1-b3.jar,pocketstorage,assets/pocketstorage/lang/en_us.json,,ok,missing,28,0,0,28,0,
polylib-2100.1.0-build.183-neoforge.jar,polylib,assets/polylib/lang/en_us.json,,ok,missing,13,0,0,13,0,
polymorph-neoforge-1.1.0+1.21.1.jar,polymorph,assets/polymorph/lang/en_us.json,assets/polymorph/lang/ko_kr.json,ok,ok,3,2,2,1,0,
potionsmaster-21.1.113-1.0.1.jar,potionsmaster,assets/potionsmaster/lang/en_us.json,,ok,missing,15,0,0,15,0,
Powah-6.2.10.jar,lollipop,assets/lollipop/lang/en_us.json,,ok,missing,50,0,0,50,0,
Powah-6.2.10.jar,powah,assets/powah/lang/en_us.json,,ok,missing,190,0,0,190,0,
productivebees-1.21.1-13.13.5.jar,productivebees,assets/productivebees/lang/en_us.json,,ok,missing,1118,0,0,1118,0,
productivemetalworks-1.21.1-1.15.1.jar,productivemetalworks,assets/productivemetalworks/lang/en_us.json,,ok,missing,376,0,0,376,0,
productivetrees-1.21.1-1.1.0.jar,productivetrees,assets/productivetrees/lang/en_us.json,,ok,missing,4149,0,0,4149,0,
pylons-1.21.1-5.4.2.jar,pylons,assets/pylons/lang/en_us.json,,ok,missing,94,0,0,94,0,
railcraft-reborn-1.21.1-1.2.10.jar,railcraft,assets/railcraft/lang/en_us.json,assets/railcraft/lang/ko_kr.json,ok,ok,1075,6,6,1069,0,
Rainbows-1.21-1.5.jar,rainbows,assets/rainbows/lang/en_us.json,,ok,missing,1,0,0,1,0,
rangedpumps-1.3.0.jar,rangedpumps,assets/rangedpumps/lang/en_us.json,assets/rangedpumps/lang/ko_kr.json,ok,ok,9,9,9,0,0,
rechiseled-1.2.5-neoforge-mc1.21.jar,rechiseled,assets/rechiseled/lang/en_us.json,,ok,missing,3656,0,0,3656,0,
rechiseled_chipped-2.0-1.21.1.jar,rechiseled_chipped,assets/rechiseled_chipped/lang/en_us.json,,ok,missing,0,0,0,0,0,
rechiseledcreate-1.1.1-neoforge-mc1.21.jar,rechiseledcreate,assets/rechiseledcreate/lang/en_us.json,,ok,missing,243,0,0,243,0,
redstonepen-1.21-neoforge-1.11.42.jar,redstonepen,assets/redstonepen/lang/en_us.json,,ok,missing,72,0,0,72,0,
refined-types-1.21.1-0.3.2.jar,refinedtypes,assets/refinedtypes/lang/en_us.json,,ok,missing,164,0,0,164,0,
refinedstorage-curios-integration-1.0.0.jar,refinedstorage_curios_integration,assets/refinedstorage_curios_integration/lang/en_us.json,,ok,missing,1,0,0,1,0,
refinedstorage-jei-integration-neoforge-1.0.0.jar,refinedstorage_jei_integration,assets/refinedstorage_jei_integration/lang/en_us.json,assets/refinedstorage_jei_integration/lang/ko_kr.json,ok,ok,10,10,10,0,0,
refinedstorage-mekanism-integration-1.1.1.jar,refinedstorage_mekanism_integration,assets/refinedstorage_mekanism_integration/lang/en_us.json,assets/refinedstorage_mekanism_integration/lang/ko_kr.json,ok,ok,37,37,37,0,0,
refinedstorage-neoforge-2.0.9.jar,refinedstorage,assets/refinedstorage/lang/en_us.json,assets/refinedstorage/lang/ko_kr.json,ok,ok,788,778,778,10,0,
refinedstorage-quartz-arsenal-neoforge-1.0.8.jar,refinedstorage_quartz_arsenal,assets/refinedstorage_quartz_arsenal/lang/en_us.json,assets/refinedstorage_quartz_arsenal/lang/ko_kr.json,ok,ok,22,22,22,0,0,
refurbished_furniture-neoforge-1.21.1-1.0.22.jar,refurbished_furniture,assets/refurbished_furniture/lang/en_us.json,,ok,missing,654,0,0,654,0,
regions_unexplored-neoforge-1.21.1-0.5.9.jar,regions_unexplored,assets/regions_unexplored/lang/en_us.json,,ok,missing,836,0,0,836,0,
relics-1.21.1-0.12.8.jar,relics,assets/relics/lang/en_us.json,,ok,missing,547,0,0,547,0,
reliquary-1.21.1-2.0.80.1570.jar,reliquary,assets/reliquary/lang/en_us.json,assets/reliquary/lang/ko_kr.json,ok,ok,551,362,362,189,0,
reliquified_artifacts-1.21.1-1.0.8.jar,reliquified_artifacts,assets/reliquified_artifacts/lang/en_us.json,,ok,missing,572,0,0,572,0,
repeatable_trial_vaults-neoforge-1.21-1.0.3.jar,repeatable_trial_vaults,assets/repeatable_trial_vaults/lang/en_us.json,,ok,missing,1,0,0,1,0,
repurposed_structures-7.5.22+1.21.1-neoforge.jar,repurposed_structures,assets/repurposed_structures/lang/en_us.json,assets/repurposed_structures/lang/ko_kr.json,ok,ok,163,32,32,131,0,
resourcefulconfig-neoforge-1.21-3.0.11.jar,resourcefulconfig,assets/resourcefulconfig/lang/en_us.json,,ok,missing,28,0,0,28,0,
restrictions-1.21-7.0.3.jar,restrictions,assets/restrictions/lang/en_us.json,,ok,missing,12,0,0,12,0,
rftoolsbase-1.21-6.0.11.jar,rftoolsbase,assets/rftoolsbase/lang/en_us.json,,ok,missing,55,0,0,55,0,
rftoolsbuilder-1.21-7.0.6.jar,rftoolsbuilder,assets/rftoolsbuilder/lang/en_us.json,assets/rftoolsbuilder/lang/ko_kr.json,ok,ok,97,76,50,47,26,
rftoolspower-1.21-7.0.6.jar,rftoolspower,assets/rftoolspower/lang/en_us.json,assets/rftoolspower/lang/ko_kr.json,ok,ok,65,53,39,26,14,
rftoolsstorage-1.21-6.0.5.jar,rftoolsstorage,assets/rftoolsstorage/lang/en_us.json,assets/rftoolsstorage/lang/ko_kr.json,ok,ok,41,53,41,0,12,
rftoolsutility-1.21-7.0.12.jar,rftoolsutility,assets/rftoolsutility/lang/en_us.json,,ok,missing,242,0,0,242,0,
RootsClassic-1.21.1-1.5.7.jar,rootsclassic,assets/rootsclassic/lang/en_us.json,,ok,missing,483,0,0,483,0,
sawmill-1.21-1.8.0-neoforge.jar,sawmill,assets/sawmill/lang/en_us.json,,ok,missing,8,0,0,8,0,
Searchables-neoforge-1.21.1-1.0.2.jar,searchables,assets/searchables/lang/en_us.json,assets/searchables/lang/ko_kr.json,ok,ok,1,1,1,0,0,
sgearmetalworks-1.21.1-1.5.0.jar,sgearmetalworks,assets/sgearmetalworks/lang/en_us.json,,ok,missing,132,0,0,132,0,
shiny-1.21.1-1.3.0.jar,shiny,assets/shiny/lang/en_us.json,,ok,missing,137,0,0,137,0,
shrink-2.0.1.47-neoforge.jar,shrink,assets/shrink/lang/en_us.json,,ok,missing,12,0,0,12,0,
silent-gear-1.21.1-neoforge-4.2.1.1.jar,silentgear,assets/silentgear/lang/en_us.json,assets/silentgear/lang/ko_kr.json,ok,ok,1191,897,818,373,79,
silent-lib-1.21.1-neoforge-10.6.0.jar,silentlib,assets/silentlib/lang/en_us.json,,ok,missing,5,0,0,5,0,
silentgems-1.21.1-neoforge-5.1.3.jar,silentgems,assets/silentgems/lang/en_us.json,,ok,missing,118,0,0,118,0,
simple_weather-1.0.13-hotfix.jar,simple_weather,assets/simple_weather/lang/en_us.json,,ok,missing,19,0,0,19,0,
SimpleBackups-1.21-4.0.30.jar,simplebackups,assets/simplebackups/lang/en_us.json,,ok,missing,40,0,0,40,0,
simplemagnets-1.1.12c-neoforge-mc1.21.jar,simplemagnets,assets/simplemagnets/lang/en_us.json,assets/simplemagnets/lang/ko_kr.json,ok,ok,38,35,30,8,5,
simplylight-1.5.3+1.21.1-b4.jar,simplylight,assets/simplylight/lang/en_us.json,,ok,missing,192,0,0,192,0,
smithingtemplateviewer-1.0.4.jar,smithingtemplateviewer,assets/smithingtemplateviewer/lang/en_us.json,,ok,missing,1,0,0,1,0,
sodium-extra-neoforge-0.9.3+mc1.21.1.jar,sodium-extra,assets/sodium-extra/lang/en_us.json,assets/sodium-extra/lang/ko_kr.json,ok,ok,416,380,378,38,2,
solcarrot-1.21.1-1.16.6.jar,solcarrot,assets/solcarrot/lang/en_us.json,assets/solcarrot/lang/ko_kr.json,ok,ok,60,60,60,0,0,
sophisticatedbackpacks-1.21.1-3.25.78.2107.jar,sophisticatedbackpacks,assets/sophisticatedbackpacks/lang/en_us.json,assets/sophisticatedbackpacks/lang/ko_kr.json,ok,ok,406,230,229,177,1,
sophisticatedcore-1.21.1-1.4.90.2299.jar,sophisticatedcore,assets/sophisticatedcore/lang/en_us.json,assets/sophisticatedcore/lang/ko_kr.json,ok,ok,303,154,153,150,1,
sophisticatedstorage-1.21.1-1.5.91.2127.jar,sophisticatedstorage,assets/sophisticatedstorage/lang/en_us.json,assets/sophisticatedstorage/lang/ko_kr.json,ok,ok,420,238,236,184,2,
sophisticatedstorageinmotion-1.21.1-0.10.34.358.jar,sophisticatedstorageinmotion,assets/sophisticatedstorageinmotion/lang/en_us.json,,ok,missing,8,0,0,8,0,
soulplied_energistics-1.0.3.jar,soulplied_energistics,assets/soulplied_energistics/lang/en_us.json,,ok,missing,4,0,0,4,0,
starbunclemania-1.21.1-1.5.7.jar,starbunclemania,assets/starbunclemania/lang/en_us.json,,ok,missing,150,0,0,150,0,
stepcrafter-neoforge-1.21.1-0.1.8.jar,stepcrafter,assets/stepcrafter/lang/en_us.json,,ok,missing,79,0,0,79,0,
stevescarts-1.21-1.2.18-neoforge.jar,stevescarts,assets/stevescarts/lang/en_us.json,,ok,missing,709,0,0,709,0,
storagedelight-26.07.01a-1.21-neoforge.jar,storagedelight,assets/storagedelight/lang/en_us.json,assets/storagedelight/lang/ko_kr.json,ok,ok,178,91,91,87,0,
structurize-1.0.832-1.21.1.jar,structurize,assets/structurize/lang/en_us.json,,ok,missing,236,0,0,236,0,
Super Factory Manager (SFM)-MC1.21.1-4.34.0.jar,sfm,assets/sfm/lang/en_us.json,,ok,missing,277,0,0,277,0,
supermartijn642corelib-1.1.24-neoforge-mc1.21.jar,supermartijn642corelib,assets/supermartijn642corelib/lang/en_us.json,,ok,missing,1,0,0,1,0,
supplementaries-1.21.1-3.9.5-neoforge.jar,supplementaries,assets/supplementaries/lang/en_us.json,assets/supplementaries/lang/ko_kr.json,ok,ok,1355,664,624,731,40,
sushigocrafting-1.21-0.6.5.jar,sushigocrafting,assets/sushigocrafting/lang/en_us.json,,ok,missing,108,0,0,108,0,
tempad-1.21.1-3.0.4-all.jar,tempad,assets/tempad/lang/en_us.json,,ok,missing,164,0,0,164,0,
tempad-1.21.1-3.0.4-all.jar,tempad_static,assets/tempad_static/lang/en_us.json,assets/tempad_static/lang/ko_kr.json,ok,ok,84,29,7,77,22,
TerraBlender-neoforge-1.21.1-4.1.0.8.jar,terrablender,assets/terrablender/lang/en_us.json,,ok,missing,2,0,0,2,0,
tesseract-api-neoforge-1.12.16-1.21.1.jar,tesseract_api,assets/tesseract_api/lang/en_us.json,,ok,missing,4,0,0,4,0,
the_bumblezone-7.15.3+1.21.1-neoforge.jar,the_bumblezone,assets/the_bumblezone/lang/en_us.json,assets/the_bumblezone/lang/ko_kr.json,ok,ok,1790,574,551,1239,23,
The_Undergarden-1.21.1-0.9.6.jar,undergarden,assets/undergarden/lang/en_us.json,assets/undergarden/lang/ko_kr.json,ok,ok,679,507,486,193,21,
theurgy-1.21.1-neoforge-1.76.0.jar,theurgy,assets/theurgy/lang/en_us.json,,ok,missing,2744,0,0,2744,0,
tiab-neoforge-6.5.4.jar,tiab,assets/tiab/lang/en_us.json,,ok,missing,4,0,0,4,0,
titanium-1.21-4.0.50.jar,titanium,assets/titanium/lang/en_us.json,,ok,missing,53,0,0,53,0,
ToastControl-1.21.1-9.0.1.jar,toastcontrol,assets/toastcontrol/lang/en_us.json,,ok,missing,2,0,0,2,0,
tombstone-neoforge-1.21.1-9.5.5.jar,tombstone,assets/tombstone/lang/en_us.json,,ok,missing,1240,0,0,1240,0,
ToolBelt-1.21.1-2.2.10.jar,toolbelt,assets/toolbelt/lang/en_us.json,assets/toolbelt/lang/ko_kr.json,ok,ok,13,13,13,0,0,
torchmaster-neoforge-1.21.1-21.1.9.jar,torchmaster,assets/torchmaster/lang/en_us.json,assets/torchmaster/lang/ko_kr.json,ok,ok,32,12,12,20,0,
transfer_labels-0.1.9.jar,transfer_labels,assets/transfer_labels/lang/en_us.json,,ok,missing,21,0,0,21,0,
trashcans-1.1.0-neoforge-mc1.21.jar,trashcans,assets/trashcans/lang/en_us.json,assets/trashcans/lang/ko_kr.json,ok,ok,34,32,32,2,0,
trashslot-neoforge-1.21.1-21.1.11.jar,trashslot,assets/trashslot/lang/en_us.json,assets/trashslot/lang/ko_kr.json,ok,ok,24,24,20,4,4,
treetap-1.21.1-0.4.6.jar,treetap,assets/treetap/lang/en_us.json,,ok,missing,8,0,0,8,0,
trophymanager-1.21.1-3.0.0.jar,trophymanager,assets/trophymanager/lang/en_us.json,,ok,missing,13,0,0,13,0,
twilightforest-1.21.1-4.8.3345-universal.jar,twilightforest,assets/twilightforest/lang/en_us.json,assets/twilightforest/lang/ko_kr.json,ok,ok,2061,1778,1764,297,14,
universalgrid-neoforge-1.21.1-0.3.2.jar,universalgrid,assets/universalgrid/lang/en_us.json,,ok,missing,16,0,0,16,0,
utilitarian-1.21.1-0.19.2.jar,utilitarian,assets/utilitarian/lang/en_us.json,,ok,missing,111,0,0,111,0,
utilityvest-1.3.0.jar,utilityvest,assets/utilityvest/lang/en_us.json,,ok,missing,36,0,0,36,0,
variantsandventures-neoforge-1.0.26+mc1.21.1.jar,variantsandventures,assets/variantsandventures/lang/en_us.json,,ok,missing,122,0,0,122,0,
waystones-neoforge-1.21.1-21.1.41.jar,waystones,assets/waystones/lang/en_us.json,assets/waystones/lang/ko_kr.json,ok,ok,356,139,92,264,47,
wirelesschargers-1.0.9a-neoforge-mc1.21.jar,wirelesschargers,assets/wirelesschargers/lang/en_us.json,assets/wirelesschargers/lang/ko_kr.json,ok,ok,23,23,18,5,5,
WitherSkeletonTweaks-1.21.1-10.1.1.jar,wstweaks,assets/wstweaks/lang/en_us.json,assets/wstweaks/lang/ko_kr.json,ok,ok,2,2,2,0,0,
xnet-1.21-7.0.7.jar,xnet,assets/xnet/lang/en_us.json,assets/xnet/lang/ko_kr.json,ok,ok,186,76,56,130,20,
xtonesreworked-1.1.1-1.21.1.jar,xtonesreworked,assets/xtonesreworked/lang/en_us.json,,ok,missing,547,0,0,547,0,
xycraft_core-0.7.53-all.jar,xycraft_core,assets/xycraft_core/lang/en_us.json,,ok,missing,106,0,0,106,0,
xycraft_machines-0.7.53.jar,xycraft_machines,assets/xycraft_machines/lang/en_us.json,,ok,missing,225,0,0,225,0,
xycraft_override-0.7.53.jar,xycraft_override,assets/xycraft_override/lang/en_us.json,,ok,missing,135,0,0,135,0,
xycraft_world-0.7.53.jar,xycraft_world,assets/xycraft_world/lang/en_us.json,,ok,missing,324,0,0,324,0,
yet_another_config_lib_v3-3.8.2+1.21.1-neoforge.jar,yet_another_config_lib_v3,assets/yet_another_config_lib_v3/lang/en_us.json,,ok,missing,26,0,0,26,0,
YungsBetterDesertTemples-1.21.1-NeoForge-4.1.5.jar,betterdeserttemples,assets/betterdeserttemples/lang/en_us.json,,ok,missing,13,0,0,13,0,
YungsBetterDungeons-1.21.1-NeoForge-5.1.4.jar,betterdungeons,assets/betterdungeons/lang/en_us.json,,ok,missing,86,0,0,86,0,
YungsBetterEndIsland-1.21.1-NeoForge-3.1.2.jar,betterendisland,assets/betterendisland/lang/en_us.json,,ok,missing,13,0,0,13,0,
YungsBetterJungleTemples-1.21.1-NeoForge-3.1.2.jar,betterjungletemples,assets/betterjungletemples/lang/en_us.json,,ok,missing,11,0,0,11,0,
YungsBetterMineshafts-1.21.1-NeoForge-5.1.1.jar,bettermineshafts,assets/bettermineshafts/lang/en_us.json,,ok,missing,60,0,0,60,0,
YungsBetterNetherFortresses-1.21.1-NeoForge-3.1.5.jar,betterfortresses,assets/betterfortresses/lang/en_us.json,,ok,missing,4,0,0,4,0,
YungsBetterOceanMonuments-1.21.1-NeoForge-4.1.2.jar,betteroceanmonuments,assets/betteroceanmonuments/lang/en_us.json,,ok,missing,4,0,0,4,0,
YungsBetterStrongholds-1.21.1-NeoForge-5.1.3.jar,betterstrongholds,assets/betterstrongholds/lang/en_us.json,,ok,missing,11,0,0,11,0,
YungsBetterWitchHuts-1.21.1-NeoForge-4.1.1.jar,betterwitchhuts,assets/betterwitchhuts/lang/en_us.json,,ok,missing,4,0,0,4,0,
ZeroCore2-1.21.1-2.4.21.jar,zerocore,assets/zerocore/lang/en_us.json,,ok,missing,50,0,0,50,0,
