path,namespace,locale,keys,status,error
kubejs/assets/actuallyadditions/lang/pt_br.json,actuallyadditions,pt_br,1026,ok,
kubejs/assets/actuallyadditions/lang/ru_ru.json,actuallyadditions,ru_ru,1021,ok,
kubejs/assets/alltheores/lang/pt_br.json,alltheores,pt_br,516,ok,
kubejs/assets/alltheores/lang/ru_ru.json,alltheores,ru_ru,516,ok,
kubejs/assets/allthetweaks/lang/pt_br.json,allthetweaks,pt_br,26,ok,
kubejs/assets/allthetweaks/lang/ru_ru.json,allthetweaks,ru_ru,26,ok,
kubejs/assets/apotheosis/lang/pt_br.json,apotheosis,pt_br,777,ok,
kubejs/assets/apotheosis/lang/ru_ru.json,apotheosis,ru_ru,722,ok,
kubejs/assets/apothic_attributes/lang/pt_br.json,apothic_attributes,pt_br,161,ok,
kubejs/assets/apothic_attributes/lang/ru_ru.json,apothic_attributes,ru_ru,159,ok,
kubejs/assets/apothic_enchanting/lang/pt_br.json,apothic_enchanting,pt_br,423,ok,
kubejs/assets/apothic_enchanting/lang/ru_ru.json,apothic_enchanting,ru_ru,406,ok,
kubejs/assets/apothic_spawners/lang/pt_br.json,apothic_spawners,pt_br,89,ok,
kubejs/assets/ars_additions/lang/pt_br.json,ars_additions,pt_br,252,ok,
kubejs/assets/ars_additions/lang/ru_ru.json,ars_additions,ru_ru,194,ok,
kubejs/assets/atm/lang/en_us.json,atm,en_us,8,ok,
kubejs/assets/atm/lang/es_es.json,atm,es_es,5,ok,
kubejs/assets/atm/lang/ja_jp.json,atm,ja_jp,5,ok,
kubejs/assets/atm/lang/ko_kr.json,atm,ko_kr,5,ok,
kubejs/assets/atm/lang/pt_br.json,atm,pt_br,8,ok,
kubejs/assets/atm/lang/zh_cn.json,atm,zh_cn,5,ok,
kubejs/assets/atm10_localization/lang/ja_jp.json,atm10_localization,ja_jp,59,ok,
kubejs/assets/atm10_localization/lang/pt_br.json,atm10_localization,pt_br,2786,ok,
kubejs/assets/atm10_localization/lang/zh_cn.json,atm10_localization,zh_cn,104,ok,
kubejs/assets/betteradvancements/lang/pt_br.json,betteradvancements,pt_br,4,ok,
kubejs/assets/betteradvancements/lang/ru_ru.json,betteradvancements,ru_ru,1,ok,
kubejs/assets/botanypots/lang/pt_br.json,botanypots,pt_br,238,ok,
kubejs/assets/botanypots/lang/ru_ru.json,botanypots,ru_ru,238,ok,
kubejs/assets/building_gadgets2/lang/pt_br.json,building_gadgets2,pt_br,112,ok,
kubejs/assets/charginggadgets/lang/ru_ru.json,charginggadgets,ru_ru,5,ok,
kubejs/assets/chipped/lang/ru_ru.json,chipped,ru_ru,29,ok,
kubejs/assets/chisel/lang/ru_ru.json,chisel,ru_ru,6,ok,
kubejs/assets/chisel_reborn/lang/pt_br.json,chisel_reborn,pt_br,2774,ok,
kubejs/assets/cloudglass/lang/pt_br.json,cloudglass,pt_br,17,ok,
kubejs/assets/cloudglass/lang/ru_ru.json,cloudglass,ru_ru,17,ok,
kubejs/assets/cobblegengalore/lang/ru_ru.json,cobblegengalore,ru_ru,10,ok,
kubejs/assets/compactmachines/lang/en_us.json,compactmachines,en_us,8,ok,
kubejs/assets/compactmachines/lang/pt_br.json,compactmachines,pt_br,8,ok,
kubejs/assets/compactmachines/lang/ru_ru.json,compactmachines,ru_ru,66,ok,
kubejs/assets/compactmachines/lang/zh_cn.json,compactmachines,zh_cn,8,ok,
kubejs/assets/crafting_on_a_stick/lang/ru_ru.json,crafting_on_a_stick,ru_ru,4,ok,
kubejs/assets/disenchanting_table/lang/ru_ru.json,disenchanting_table,ru_ru,2,ok,
kubejs/assets/domum_ornamentum/lang/ru_ru.json,domum_ornamentum,ru_ru,212,ok,
kubejs/assets/draconic_evolution/lang/pt_br.json,draconic_evolution,pt_br,735,ok,
kubejs/assets/embeddium/lang/pt_br.json,embeddium,pt_br,74,ok,
kubejs/assets/embeddium/lang/ru_ru.json,embeddium,ru_ru,7,ok,
kubejs/assets/enderman_overhaul/lang/pt_br.json,enderman_overhaul,pt_br,134,ok,
kubejs/assets/evilcraft/lang/ru_ru.json,evilcraft,ru_ru,626,ok,
kubejs/assets/evilcraftcompat/lang/ru_ru.json,evilcraftcompat,ru_ru,27,ok,
kubejs/assets/extreme_reactors2/lang/pt_br.json,extreme_reactors2,pt_br,522,ok,
kubejs/assets/factory_blocks/lang/pt_br.json,factory_blocks,pt_br,101,ok,
kubejs/assets/farmersdelight/lang/pt_br.json,farmersdelight,pt_br,479,ok,
kubejs/assets/forbidden_arcanus/lang/en_us.json,forbidden_arcanus,en_us,1,ok,
kubejs/assets/forbidden_arcanus/lang/ja_jp.json,forbidden_arcanus,ja_jp,1,ok,
kubejs/assets/forbidden_arcanus/lang/pt_br.json,forbidden_arcanus,pt_br,1,ok,
kubejs/assets/forbidden_arcanus/lang/zh_cn.json,forbidden_arcanus,zh_cn,1,ok,
kubejs/assets/framedblocks/lang/ru_ru.json,framedblocks,ru_ru,421,ok,
kubejs/assets/ftbquests/lang/ru_ru.json,ftbquests,ru_ru,625,ok,
kubejs/assets/functionalstorage/lang/ru_ru.json,functionalstorage,ru_ru,157,ok,
kubejs/assets/gateways_to_eternity/lang/pt_br.json,gateways_to_eternity,pt_br,96,ok,
kubejs/assets/glassential_renewed/lang/pt_br.json,glassential_renewed,pt_br,151,ok,
kubejs/assets/guideme/lang/pt_br.json,guideme,pt_br,36,ok,
kubejs/assets/guideme/lang/ru_ru.json,guideme,ru_ru,36,ok,
kubejs/assets/hostile_neural_networks/lang/pt_br.json,hostile_neural_networks,pt_br,279,ok,
kubejs/assets/hostilenetworks/lang/en_us.json,hostilenetworks,en_us,17,ok,
kubejs/assets/hostilenetworks/lang/ja_jp.json,hostilenetworks,ja_jp,17,ok,
kubejs/assets/hostilenetworks/lang/pt_br.json,hostilenetworks,pt_br,17,ok,
kubejs/assets/hostilenetworks/lang/zh_cn.json,hostilenetworks,zh_cn,17,ok,
kubejs/assets/iceandfire_community_edition/lang/pt_br.json,iceandfire_community_edition,pt_br,1744,ok,
kubejs/assets/immersiveengineering/lang/pt_br.json,immersiveengineering,pt_br,1952,ok,
kubejs/assets/immersiveengineering/lang/ru_ru.json,immersiveengineering,ru_ru,1952,ok,
kubejs/assets/industrial_foregoing/lang/pt_br.json,industrial_foregoing,pt_br,683,ok,
kubejs/assets/iron_furnaces/lang/pt_br.json,iron_furnaces,pt_br,143,ok,
kubejs/assets/iron_furnaces/lang/ru_ru.json,iron_furnaces,ru_ru,143,ok,
kubejs/assets/irons_jewelry/lang/pt_br.json,irons_jewelry,pt_br,262,ok,
kubejs/assets/irons_jewelry/lang/ru_ru.json,irons_jewelry,ru_ru,220,ok,
kubejs/assets/item_collectors/lang/pt_br.json,item_collectors,pt_br,15,ok,
kubejs/assets/kubejs/lang/en_us.json,kubejs,en_us,78,ok,
kubejs/assets/kubejs/lang/ja_jp.json,kubejs,ja_jp,78,ok,
kubejs/assets/kubejs/lang/pt_br.json,kubejs,pt_br,78,ok,
kubejs/assets/kubejs/lang/zh_cn.json,kubejs,zh_cn,78,ok,
kubejs/assets/l_enders_cataclysm/lang/pt_br.json,l_enders_cataclysm,pt_br,735,ok,
kubejs/assets/living_things/lang/pt_br.json,living_things,pt_br,106,ok,
kubejs/assets/living_things/lang/ru_ru.json,living_things,ru_ru,106,ok,
kubejs/assets/mcjtylib/lang/pt_br.json,mcjtylib,pt_br,3,ok,
kubejs/assets/mffs/lang/ru_ru.json,mffs,ru_ru,181,ok,
kubejs/assets/mining_gadgets/lang/pt_br.json,mining_gadgets,pt_br,85,ok,
kubejs/assets/mining_gadgets/lang/ru_ru.json,mining_gadgets,ru_ru,85,ok,
kubejs/assets/mob_grinding_utils/lang/pt_br.json,mob_grinding_utils,pt_br,146,ok,
kubejs/assets/mob_grinding_utils/lang/ru_ru.json,mob_grinding_utils,ru_ru,146,ok,
kubejs/assets/modern_industrialization/lang/en_us.json,modern_industrialization,en_us,1785,ok,
kubejs/assets/modern_industrialization/lang/ja_jp.json,modern_industrialization,ja_jp,22,ok,
kubejs/assets/modern_industrialization/lang/pt_br.json,modern_industrialization,pt_br,1785,ok,
kubejs/assets/modern_industrialization/lang/zh_cn.json,modern_industrialization,zh_cn,22,ok,
kubejs/assets/modular_routers/lang/pt_br.json,modular_routers,pt_br,371,ok,
kubejs/assets/more_red/lang/pt_br.json,more_red,pt_br,51,ok,
kubejs/assets/multipiston/lang/ru_ru.json,multipiston,ru_ru,2,ok,
kubejs/assets/natures_aura/lang/pt_br.json,natures_aura,pt_br,242,ok,
kubejs/assets/natures_aura/lang/ru_ru.json,natures_aura,ru_ru,242,ok,
kubejs/assets/pams_harvestcraft_2_crops/lang/pt_br.json,pams_harvestcraft_2_crops,pt_br,320,ok,
kubejs/assets/pams_harvestcraft_2_fantasy/lang/pt_br.json,pams_harvestcraft_2_fantasy,pt_br,25,ok,
kubejs/assets/pams_harvestcraft_2_food_core/lang/pt_br.json,pams_harvestcraft_2_food_core,pt_br,203,ok,
kubejs/assets/pams_harvestcraft_2_food_extended/lang/pt_br.json,pams_harvestcraft_2_food_extended,pt_br,872,ok,
kubejs/assets/pams_harvestcraft_2_trees/lang/pt_br.json,pams_harvestcraft_2_trees,pt_br,158,ok,
kubejs/assets/ping_wheel/lang/ru_ru.json,ping_wheel,ru_ru,38,ok,
kubejs/assets/pneumaticcraft_repressurized/lang/pt_br.json,pneumaticcraft_repressurized,pt_br,2271,ok,
kubejs/assets/potions_master/lang/pt_br.json,potions_master,pt_br,15,ok,
kubejs/assets/powa/lang/pt_br.json,powa,pt_br,190,ok,
kubejs/assets/rechiseled/lang/pt_br.json,rechiseled,pt_br,3656,ok,
kubejs/assets/rechiseled/lang/ru_ru.json,rechiseled,ru_ru,13,ok,
kubejs/assets/rechiseled_create/lang/pt_br.json,rechiseled_create,pt_br,187,ok,
kubejs/assets/refinedtypes/lang/ru_ru.json,refinedtypes,ru_ru,148,ok,
kubejs/assets/regions_unexplored/lang/pt_br.json,regions_unexplored,pt_br,937,ok,
kubejs/assets/regions_unexplored/lang/ru_ru.json,regions_unexplored,ru_ru,836,ok,
kubejs/assets/relics/lang/pt_br.json,relics,pt_br,547,ok,
kubejs/assets/reliquified_artifacts/lang/pt_br.json,reliquified_artifacts,pt_br,572,ok,
kubejs/assets/restrictions/lang/pt_br.json,restrictions,pt_br,12,ok,
kubejs/assets/restrictions/lang/ru_ru.json,restrictions,ru_ru,12,ok,
kubejs/assets/rftools_base/lang/pt_br.json,rftools_base,pt_br,55,ok,
kubejs/assets/rftools_builder/lang/pt_br.json,rftools_builder,pt_br,97,ok,
kubejs/assets/rftools_power/lang/pt_br.json,rftools_power,pt_br,65,ok,
kubejs/assets/rftools_storage/lang/pt_br.json,rftools_storage,pt_br,41,ok,
kubejs/assets/rftools_utility/lang/pt_br.json,rftools_utility,pt_br,242,ok,
kubejs/assets/sawmill/lang/pt_br.json,sawmill,pt_br,7,ok,
kubejs/assets/sawmill/lang/ru_ru.json,sawmill,ru_ru,8,ok,
kubejs/assets/shrink/lang/pt_br.json,shrink,pt_br,7,ok,
kubejs/assets/shrink/lang/ru_ru.json,shrink,ru_ru,12,ok,
kubejs/assets/silent_gear/lang/pt_br.json,silent_gear,pt_br,1191,ok,
kubejs/assets/silent_gems/lang/pt_br.json,silent_gems,pt_br,118,ok,
kubejs/assets/silentlib/lang/pt_br.json,silentlib,pt_br,5,ok,
kubejs/assets/sophisticatedcore/lang/ru_ru.json,sophisticatedcore,ru_ru,282,ok,
kubejs/assets/sophisticatedstorage/lang/ru_ru.json,sophisticatedstorage,ru_ru,294,ok,
kubejs/assets/sophisticatedstorageinmotion/lang/ru_ru.json,sophisticatedstorageinmotion,ru_ru,8,ok,
kubejs/assets/structurize/lang/ru_ru.json,structurize,ru_ru,229,ok,
kubejs/assets/tempad/lang/pt_br.json,tempad,pt_br,164,ok,
kubejs/assets/the_bumblezone/lang/pt_br.json,the_bumblezone,pt_br,1788,ok,
kubejs/assets/the_bumblezone/lang/ru_ru.json,the_bumblezone,ru_ru,1756,ok,
kubejs/assets/tombstone/lang/ru_ru.json,tombstone,ru_ru,1233,ok,
kubejs/assets/trashcans/lang/ru_ru.json,trashcans,ru_ru,32,ok,
kubejs/assets/trofers/lang/pt_br.json,trofers,pt_br,19,ok,
kubejs/assets/trophymanager/lang/pt_br.json,trophymanager,pt_br,2,ok,
kubejs/assets/trophymanager/lang/ru_ru.json,trophymanager,ru_ru,2,ok,
kubejs/assets/twilightforest/lang/pt_br.json,twilightforest,pt_br,1890,ok,
kubejs/assets/undergarden/lang/pt_br.json,undergarden,pt_br,679,ok,
kubejs/assets/undergarden/lang/ru_ru.json,undergarden,ru_ru,673,ok,
kubejs/assets/utility_vest/lang/pt_br.json,utility_vest,pt_br,36,ok,
kubejs/assets/utility_vest/lang/ru_ru.json,utility_vest,ru_ru,24,ok,
kubejs/assets/xnet/lang/pt_br.json,xnet,pt_br,186,ok,
kubejs/assets/xtonesreworked/lang/pt_br.json,xtonesreworked,pt_br,547,ok,
kubejs/assets/xycraft_core/lang/pt_br.json,xycraft_core,pt_br,106,ok,
kubejs/assets/xycraft_core/lang/ru_ru.json,xycraft_core,ru_ru,106,ok,
kubejs/assets/xycraft_machines/lang/pt_br.json,xycraft_machines,pt_br,225,ok,
kubejs/assets/xycraft_machines/lang/ru_ru.json,xycraft_machines,ru_ru,225,ok,
kubejs/assets/xycraft_override/lang/pt_br.json,xycraft_override,pt_br,135,ok,
kubejs/assets/xycraft_override/lang/ru_ru.json,xycraft_override,ru_ru,135,ok,
kubejs/assets/xycraft_world/lang/pt_br.json,xycraft_world,pt_br,324,ok,
kubejs/assets/xycraft_world/lang/ru_ru.json,xycraft_world,ru_ru,324,ok,
kubejs/assets/yet_another_config_lib_v3/lang/pt_br.json,yet_another_config_lib_v3,pt_br,26,ok,
kubejs/assets/youre_grave_danger/lang/pt_br.json,youre_grave_danger,pt_br,261,ok,
kubejs/assets/yungs_better_desert_temples/lang/pt_br.json,yungs_better_desert_temples,pt_br,13,ok,
kubejs/assets/yungs_better_dungeons/lang/pt_br.json,yungs_better_dungeons,pt_br,86,ok,
kubejs/assets/yungs_better_end_island/lang/pt_br.json,yungs_better_end_island,pt_br,13,ok,
kubejs/assets/yungs_better_jungle_temples/lang/pt_br.json,yungs_better_jungle_temples,pt_br,16,ok,
kubejs/assets/yungs_better_mineshafts/lang/pt_br.json,yungs_better_mineshafts,pt_br,60,ok,
kubejs/assets/yungs_better_nether_fortresses/lang/pt_br.json,yungs_better_nether_fortresses,pt_br,9,ok,
kubejs/assets/yungs_better_ocean_monuments/lang/pt_br.json,yungs_better_ocean_monuments,pt_br,9,ok,
kubejs/assets/yungs_better_strongholds/lang/pt_br.json,yungs_better_strongholds,pt_br,18,ok,
kubejs/assets/yungs_better_witch_huts/lang/pt_br.json,yungs_better_witch_huts,pt_br,9,ok,
