candidate,namespace,current_en_keys,legacy_ko_keys,shared_key_candidates,missing_in_legacy,legacy_only_keys,current_key_coverage_percent,note
all-the-mods-10_5.4_resourcepack.zip,zerocore,50,50,50,0,0,100.00,키 교집합만 계산; 번역 품질과 원문 동일성은 검증하지 않음
all-the-mods-10_5.4_resourcepack.zip,yet_another_config_lib_v3,26,26,26,0,0,100.00,키 교집합만 계산; 번역 품질과 원문 동일성은 검증하지 않음
all-the-mods-10_5.4_resourcepack.zip,xycraft_world,324,324,324,0,0,100.00,키 교집합만 계산; 번역 품질과 원문 동일성은 검증하지 않음
all-the-mods-10_5.4_resourcepack.zip,xycraft_override,135,135,135,0,0,100.00,키 교집합만 계산; 번역 품질과 원문 동일성은 검증하지 않음
all-the-mods-10_5.4_resourcepack.zip,xycraft_machines,225,225,225,0,0,100.00,키 교집합만 계산; 번역 품질과 원문 동일성은 검증하지 않음
all-the-mods-10_5.4_resourcepack.zip,xycraft_core,106,106,106,0,0,100.00,키 교집합만 계산; 번역 품질과 원문 동일성은 검증하지 않음
all-the-mods-10_5.4_resourcepack.zip,xtonesreworked,547,547,547,0,0,100.00,키 교집합만 계산; 번역 품질과 원문 동일성은 검증하지 않음
all-the-mods-10_5.4_resourcepack.zip,xnet,186,186,186,0,0,100.00,키 교집합만 계산; 번역 품질과 원문 동일성은 검증하지 않음
all-the-mods-10_5.4_resourcepack.zip,wstweaks,2,2,2,0,0,100.00,키 교집합만 계산; 번역 품질과 원문 동일성은 검증하지 않음
all-the-mods-10_5.4_resourcepack.zip,wirelesschargers,23,23,23,0,0,100.00,키 교집합만 계산; 번역 품질과 원문 동일성은 검증하지 않음
all-the-mods-10_5.4_resourcepack.zip,waystones,261,253,186,75,67,71.26,키 교집합만 계산; 번역 품질과 원문 동일성은 검증하지 않음
all-the-mods-10_5.4_resourcepack.zip,variantsandventures,122,111,111,11,0,90.98,키 교집합만 계산; 번역 품질과 원문 동일성은 검증하지 않음
all-the-mods-10_5.4_resourcepack.zip,utilityvest,36,24,24,12,0,66.67,키 교집합만 계산; 번역 품질과 원문 동일성은 검증하지 않음
all-the-mods-10_5.4_resourcepack.zip,utilitarian,111,79,79,32,0,71.17,키 교집합만 계산; 번역 품질과 원문 동일성은 검증하지 않음
all-the-mods-10_5.4_resourcepack.zip,universalgrid,16,16,16,0,0,100.00,키 교집합만 계산; 번역 품질과 원문 동일성은 검증하지 않음
all-the-mods-10_5.4_resourcepack.zip,undergarden,679,673,673,6,0,99.12,키 교집합만 계산; 번역 품질과 원문 동일성은 검증하지 않음
all-the-mods-10_5.4_resourcepack.zip,twilightforest,2061,1830,1823,238,7,88.45,키 교집합만 계산; 번역 품질과 원문 동일성은 검증하지 않음
all-the-mods-10_5.4_resourcepack.zip,trophymanager,3,2,2,1,0,66.67,키 교집합만 계산; 번역 품질과 원문 동일성은 검증하지 않음
all-the-mods-10_5.4_resourcepack.zip,treetap,8,8,8,0,0,100.00,키 교집합만 계산; 번역 품질과 원문 동일성은 검증하지 않음
all-the-mods-10_5.4_resourcepack.zip,trashslot,24,24,12,12,12,50.00,키 교집합만 계산; 번역 품질과 원문 동일성은 검증하지 않음
all-the-mods-10_5.4_resourcepack.zip,trashcans,32,32,32,0,0,100.00,키 교집합만 계산; 번역 품질과 원문 동일성은 검증하지 않음
all-the-mods-10_5.4_resourcepack.zip,transfer_labels,21,21,21,0,0,100.00,키 교집합만 계산; 번역 품질과 원문 동일성은 검증하지 않음
all-the-mods-10_5.4_resourcepack.zip,torchmaster,32,32,32,0,0,100.00,키 교집합만 계산; 번역 품질과 원문 동일성은 검증하지 않음
all-the-mods-10_5.4_resourcepack.zip,toolbelt,13,13,13,0,0,100.00,키 교집합만 계산; 번역 품질과 원문 동일성은 검증하지 않음
all-the-mods-10_5.4_resourcepack.zip,tombstone,1233,1233,1228,5,5,99.59,키 교집합만 계산; 번역 품질과 원문 동일성은 검증하지 않음
all-the-mods-10_5.4_resourcepack.zip,toastcontrol,2,2,2,0,0,100.00,키 교집합만 계산; 번역 품질과 원문 동일성은 검증하지 않음
all-the-mods-10_5.4_resourcepack.zip,titanium,53,53,53,0,0,100.00,키 교집합만 계산; 번역 품질과 원문 동일성은 검증하지 않음
all-the-mods-10_5.4_resourcepack.zip,tiab,4,4,4,0,0,100.00,키 교집합만 계산; 번역 품질과 원문 동일성은 검증하지 않음
all-the-mods-10_5.4_resourcepack.zip,the_bumblezone,1788,1773,1773,15,0,99.16,키 교집합만 계산; 번역 품질과 원문 동일성은 검증하지 않음
all-the-mods-10_5.4_resourcepack.zip,theurgy,2744,2744,2744,0,0,100.00,키 교집합만 계산; 번역 품질과 원문 동일성은 검증하지 않음
all-the-mods-10_5.4_resourcepack.zip,tesseract_api,4,4,4,0,0,100.00,키 교집합만 계산; 번역 품질과 원문 동일성은 검증하지 않음
all-the-mods-10_5.4_resourcepack.zip,terrablender,2,2,2,0,0,100.00,키 교집합만 계산; 번역 품질과 원문 동일성은 검증하지 않음
all-the-mods-10_5.4_resourcepack.zip,tempad_static,84,123,74,10,49,88.10,키 교집합만 계산; 번역 품질과 원문 동일성은 검증하지 않음
all-the-mods-10_5.4_resourcepack.zip,tempad,164,164,164,0,0,100.00,키 교집합만 계산; 번역 품질과 원문 동일성은 검증하지 않음
all-the-mods-10_5.4_resourcepack.zip,sushigocrafting,108,3,0,108,3,0.00,키 교집합만 계산; 번역 품질과 원문 동일성은 검증하지 않음
all-the-mods-10_5.4_resourcepack.zip,supplementaries,683,677,677,6,0,99.12,키 교집합만 계산; 번역 품질과 원문 동일성은 검증하지 않음
all-the-mods-10_5.4_resourcepack.zip,structurize,236,231,231,5,0,97.88,키 교집합만 계산; 번역 품질과 원문 동일성은 검증하지 않음
all-the-mods-10_5.4_resourcepack.zip,storagedelight,143,104,104,39,0,72.73,키 교집합만 계산; 번역 품질과 원문 동일성은 검증하지 않음
all-the-mods-10_5.4_resourcepack.zip,stevescarts,709,680,680,29,0,95.91,키 교집합만 계산; 번역 품질과 원문 동일성은 검증하지 않음
all-the-mods-10_5.4_resourcepack.zip,starbunclemania,150,149,149,1,0,99.33,키 교집합만 계산; 번역 품질과 원문 동일성은 검증하지 않음
all-the-mods-10_5.4_resourcepack.zip,soulplied_energistics,4,4,4,0,0,100.00,키 교집합만 계산; 번역 품질과 원문 동일성은 검증하지 않음
all-the-mods-10_5.4_resourcepack.zip,sophisticatedstorageinmotion,8,8,8,0,0,100.00,키 교집합만 계산; 번역 품질과 원문 동일성은 검증하지 않음
all-the-mods-10_5.4_resourcepack.zip,sophisticatedstorage,404,292,292,112,0,72.28,키 교집합만 계산; 번역 품질과 원문 동일성은 검증하지 않음
all-the-mods-10_5.4_resourcepack.zip,sophisticatedcore,300,301,278,22,23,92.67,키 교집합만 계산; 번역 품질과 원문 동일성은 검증하지 않음
all-the-mods-10_5.4_resourcepack.zip,sophisticatedbackpacks,396,257,248,148,9,62.63,키 교집합만 계산; 번역 품질과 원문 동일성은 검증하지 않음
all-the-mods-10_5.4_resourcepack.zip,solcarrot,60,60,60,0,0,100.00,키 교집합만 계산; 번역 품질과 원문 동일성은 검증하지 않음
all-the-mods-10_5.4_resourcepack.zip,smithingtemplateviewer,1,1,1,0,0,100.00,키 교집합만 계산; 번역 품질과 원문 동일성은 검증하지 않음
all-the-mods-10_5.4_resourcepack.zip,simplylight,192,192,192,0,0,100.00,키 교집합만 계산; 번역 품질과 원문 동일성은 검증하지 않음
all-the-mods-10_5.4_resourcepack.zip,simple_weather,19,19,19,0,0,100.00,키 교집합만 계산; 번역 품질과 원문 동일성은 검증하지 않음
all-the-mods-10_5.4_resourcepack.zip,simplemagnets,38,38,38,0,0,100.00,키 교집합만 계산; 번역 품질과 원문 동일성은 검증하지 않음
all-the-mods-10_5.4_resourcepack.zip,simplebackups,40,35,35,5,0,87.50,키 교집합만 계산; 번역 품질과 원문 동일성은 검증하지 않음
all-the-mods-10_5.4_resourcepack.zip,silentlib,5,5,5,0,0,100.00,키 교집합만 계산; 번역 품질과 원문 동일성은 검증하지 않음
all-the-mods-10_5.4_resourcepack.zip,silentgems,118,115,115,3,0,97.46,키 교집합만 계산; 번역 품질과 원문 동일성은 검증하지 않음
all-the-mods-10_5.4_resourcepack.zip,silentgear,1191,1063,1059,132,4,88.92,키 교집합만 계산; 번역 품질과 원문 동일성은 검증하지 않음
all-the-mods-10_5.4_resourcepack.zip,shrink,12,12,12,0,0,100.00,키 교집합만 계산; 번역 품질과 원문 동일성은 검증하지 않음
all-the-mods-10_5.4_resourcepack.zip,shiny,137,136,136,1,0,99.27,키 교집합만 계산; 번역 품질과 원문 동일성은 검증하지 않음
all-the-mods-10_5.4_resourcepack.zip,sgearmetalworks,132,132,132,0,0,100.00,키 교집합만 계산; 번역 품질과 원문 동일성은 검증하지 않음
all-the-mods-10_5.4_resourcepack.zip,sfm,280,259,257,23,2,91.79,키 교집합만 계산; 번역 품질과 원문 동일성은 검증하지 않음
all-the-mods-10_5.4_resourcepack.zip,securitycraft,1521,1521,1521,0,0,100.00,키 교집합만 계산; 번역 품질과 원문 동일성은 검증하지 않음
all-the-mods-10_5.4_resourcepack.zip,searchables,1,1,1,0,0,100.00,키 교집합만 계산; 번역 품질과 원문 동일성은 검증하지 않음
all-the-mods-10_5.4_resourcepack.zip,sawmill,7,7,7,0,0,100.00,키 교집합만 계산; 번역 품질과 원문 동일성은 검증하지 않음
all-the-mods-10_5.4_resourcepack.zip,rootsclassic,483,483,483,0,0,100.00,키 교집합만 계산; 번역 품질과 원문 동일성은 검증하지 않음
all-the-mods-10_5.4_resourcepack.zip,rftoolsutility,242,242,242,0,0,100.00,키 교집합만 계산; 번역 품질과 원문 동일성은 검증하지 않음
all-the-mods-10_5.4_resourcepack.zip,rftoolsstorage,41,41,41,0,0,100.00,키 교집합만 계산; 번역 품질과 원문 동일성은 검증하지 않음
all-the-mods-10_5.4_resourcepack.zip,rftoolspower,65,65,65,0,0,100.00,키 교집합만 계산; 번역 품질과 원문 동일성은 검증하지 않음
all-the-mods-10_5.4_resourcepack.zip,rftoolsbuilder,97,92,92,5,0,94.85,키 교집합만 계산; 번역 품질과 원문 동일성은 검증하지 않음
all-the-mods-10_5.4_resourcepack.zip,rftoolsbase,55,2,0,55,2,0.00,키 교집합만 계산; 번역 품질과 원문 동일성은 검증하지 않음
all-the-mods-10_5.4_resourcepack.zip,restrictions,12,12,12,0,0,100.00,키 교집합만 계산; 번역 품질과 원문 동일성은 검증하지 않음
all-the-mods-10_5.4_resourcepack.zip,repurposed_structures,163,163,163,0,0,100.00,키 교집합만 계산; 번역 품질과 원문 동일성은 검증하지 않음
all-the-mods-10_5.4_resourcepack.zip,repeatable_trial_vaults,1,1,1,0,0,100.00,키 교집합만 계산; 번역 품질과 원문 동일성은 검증하지 않음
all-the-mods-10_5.4_resourcepack.zip,reliquary,551,363,363,188,0,65.88,키 교집합만 계산; 번역 품질과 원문 동일성은 검증하지 않음
all-the-mods-10_5.4_resourcepack.zip,relics,547,261,17,530,244,3.11,키 교집합만 계산; 번역 품질과 원문 동일성은 검증하지 않음
all-the-mods-10_5.4_resourcepack.zip,regions_unexplored,836,836,836,0,0,100.00,키 교집합만 계산; 번역 품질과 원문 동일성은 검증하지 않음
all-the-mods-10_5.4_resourcepack.zip,refurbished_furniture,654,652,652,2,0,99.69,키 교집합만 계산; 번역 품질과 원문 동일성은 검증하지 않음
all-the-mods-10_5.4_resourcepack.zip,refinedtypes,164,152,152,12,0,92.68,키 교집합만 계산; 번역 품질과 원문 동일성은 검증하지 않음
all-the-mods-10_5.4_resourcepack.zip,refinedstorage_quartz_arsenal,22,22,22,0,0,100.00,키 교집합만 계산; 번역 품질과 원문 동일성은 검증하지 않음
all-the-mods-10_5.4_resourcepack.zip,refinedstorage_mekanism_integration,37,37,37,0,0,100.00,키 교집합만 계산; 번역 품질과 원문 동일성은 검증하지 않음
all-the-mods-10_5.4_resourcepack.zip,refinedstorage_jei_integration,10,10,10,0,0,100.00,키 교집합만 계산; 번역 품질과 원문 동일성은 검증하지 않음
all-the-mods-10_5.4_resourcepack.zip,refinedstorage_curios_integration,1,1,1,0,0,100.00,키 교집합만 계산; 번역 품질과 원문 동일성은 검증하지 않음
all-the-mods-10_5.4_resourcepack.zip,refinedstorage,788,768,768,20,0,97.46,키 교집합만 계산; 번역 품질과 원문 동일성은 검증하지 않음
all-the-mods-10_5.4_resourcepack.zip,redstonepen,72,72,72,0,0,100.00,키 교집합만 계산; 번역 품질과 원문 동일성은 검증하지 않음
all-the-mods-10_5.4_resourcepack.zip,rechiseledcreate,243,187,187,56,0,76.95,키 교집합만 계산; 번역 품질과 원문 동일성은 검증하지 않음
all-the-mods-10_5.4_resourcepack.zip,rechiseled,3656,1222,1221,2435,1,33.40,키 교집합만 계산; 번역 품질과 원문 동일성은 검증하지 않음
all-the-mods-10_5.4_resourcepack.zip,rarcompat,0,273,0,0,273,,키 교집합만 계산; 번역 품질과 원문 동일성은 검증하지 않음
all-the-mods-10_5.4_resourcepack.zip,rangedpumps,9,9,9,0,0,100.00,키 교집합만 계산; 번역 품질과 원문 동일성은 검증하지 않음
all-the-mods-10_5.4_resourcepack.zip,rainbows,1,1,1,0,0,100.00,키 교집합만 계산; 번역 품질과 원문 동일성은 검증하지 않음
all-the-mods-10_5.4_resourcepack.zip,railcraft,1075,3,0,1075,3,0.00,키 교집합만 계산; 번역 품질과 원문 동일성은 검증하지 않음
all-the-mods-10_5.4_resourcepack.zip,quarryplus,240,211,211,29,0,87.92,키 교집합만 계산; 번역 품질과 원문 동일성은 검증하지 않음
all-the-mods-10_5.4_resourcepack.zip,pylons,94,84,84,10,0,89.36,키 교집합만 계산; 번역 품질과 원문 동일성은 검증하지 않음
all-the-mods-10_5.4_resourcepack.zip,productivetrees,4149,2,0,4149,2,0.00,키 교집합만 계산; 번역 품질과 원문 동일성은 검증하지 않음
all-the-mods-10_5.4_resourcepack.zip,productivemetalworks,376,4,0,376,4,0.00,키 교집합만 계산; 번역 품질과 원문 동일성은 검증하지 않음
all-the-mods-10_5.4_resourcepack.zip,productivebees,1118,4,0,1118,4,0.00,키 교집합만 계산; 번역 품질과 원문 동일성은 검증하지 않음
all-the-mods-10_5.4_resourcepack.zip,powah,190,190,190,0,0,100.00,키 교집합만 계산; 번역 품질과 원문 동일성은 검증하지 않음
all-the-mods-10_5.4_resourcepack.zip,potionsmaster,15,237,15,0,222,100.00,키 교집합만 계산; 번역 품질과 원문 동일성은 검증하지 않음
all-the-mods-10_5.4_resourcepack.zip,polymorph,3,3,3,0,0,100.00,키 교집합만 계산; 번역 품질과 원문 동일성은 검증하지 않음
all-the-mods-10_5.4_resourcepack.zip,polylib,13,13,13,0,0,100.00,키 교집합만 계산; 번역 품질과 원문 동일성은 검증하지 않음
all-the-mods-10_5.4_resourcepack.zip,pocketstorage,28,28,28,0,0,100.00,키 교집합만 계산; 번역 품질과 원문 동일성은 검증하지 않음
all-the-mods-10_5.4_resourcepack.zip,pneumaticcraft,2268,2229,2228,40,1,98.24,키 교집합만 계산; 번역 품질과 원문 동일성은 검증하지 않음
all-the-mods-10_5.4_resourcepack.zip,placebo,6,6,6,0,0,100.00,키 교집합만 계산; 번역 품질과 원문 동일성은 검증하지 않음
all-the-mods-10_5.4_resourcepack.zip,pipez,84,84,84,0,0,100.00,키 교집합만 계산; 번역 품질과 원문 동일성은 검증하지 않음
all-the-mods-10_5.4_resourcepack.zip,patchouli,92,92,92,0,0,100.00,키 교집합만 계산; 번역 품질과 원문 동일성은 검증하지 않음
all-the-mods-10_5.4_resourcepack.zip,pamhc2trees,158,158,158,0,0,100.00,키 교집합만 계산; 번역 품질과 원문 동일성은 검증하지 않음
all-the-mods-10_5.4_resourcepack.zip,pamhc2foodextended,872,872,872,0,0,100.00,키 교집합만 계산; 번역 품질과 원문 동일성은 검증하지 않음
all-the-mods-10_5.4_resourcepack.zip,pamhc2foodcore,203,203,203,0,0,100.00,키 교집합만 계산; 번역 품질과 원문 동일성은 검증하지 않음
all-the-mods-10_5.4_resourcepack.zip,pamhc2crops,320,320,320,0,0,100.00,키 교집합만 계산; 번역 품질과 원문 동일성은 검증하지 않음
all-the-mods-10_5.4_resourcepack.zip,owo,25,52,16,9,36,64.00,키 교집합만 계산; 번역 품질과 원문 동일성은 검증하지 않음
all-the-mods-10_5.4_resourcepack.zip,oritech,1255,1325,1012,243,313,80.64,키 교집합만 계산; 번역 품질과 원문 동일성은 검증하지 않음
all-the-mods-10_5.4_resourcepack.zip,oracle_index,17,8,8,9,0,47.06,키 교집합만 계산; 번역 품질과 원문 동일성은 검증하지 않음
all-the-mods-10_5.4_resourcepack.zip,occultism,3587,3189,3164,423,25,88.21,키 교집합만 계산; 번역 품질과 원문 동일성은 검증하지 않음
all-the-mods-10_5.4_resourcepack.zip,observable,34,34,34,0,0,100.00,키 교집합만 계산; 번역 품질과 원문 동일성은 검증하지 않음
all-the-mods-10_5.4_resourcepack.zip,not_enough_glyphs,249,234,202,47,32,81.12,키 교집합만 계산; 번역 품질과 원문 동일성은 검증하지 않음
all-the-mods-10_5.4_resourcepack.zip,notenoughanimations,107,96,96,11,0,89.72,키 교집합만 계산; 번역 품질과 원문 동일성은 검증하지 않음
all-the-mods-10_5.4_resourcepack.zip,nolijium,0,124,0,0,124,,키 교집합만 계산; 번역 품질과 원문 동일성은 검증하지 않음
all-the-mods-10_5.4_resourcepack.zip,nochatreports,129,129,129,0,0,100.00,키 교집합만 계산; 번역 품질과 원문 동일성은 검증하지 않음
all-the-mods-10_5.4_resourcepack.zip,neo_auth,45,45,45,0,0,100.00,키 교집합만 계산; 번역 품질과 원문 동일성은 검증하지 않음
all-the-mods-10_5.4_resourcepack.zip,naturescompass,44,43,43,1,0,97.73,키 교집합만 계산; 번역 품질과 원문 동일성은 검증하지 않음
all-the-mods-10_5.4_resourcepack.zip,naturesaura,242,2,0,242,2,0.00,키 교집합만 계산; 번역 품질과 원문 동일성은 검증하지 않음
all-the-mods-10_5.4_resourcepack.zip,mysticalagriculture,745,3,0,745,3,0.00,키 교집합만 계산; 번역 품질과 원문 동일성은 검증하지 않음
all-the-mods-10_5.4_resourcepack.zip,mysticalagradditions,104,104,104,0,0,100.00,키 교집합만 계산; 번역 품질과 원문 동일성은 검증하지 않음
all-the-mods-10_5.4_resourcepack.zip,multipiston,2,2,2,0,0,100.00,키 교집합만 계산; 번역 품질과 원문 동일성은 검증하지 않음
all-the-mods-10_5.4_resourcepack.zip,mostructures,27,27,27,0,0,100.00,키 교집합만 계산; 번역 품질과 원문 동일성은 검증하지 않음
all-the-mods-10_5.4_resourcepack.zip,morered,51,51,51,0,0,100.00,키 교집합만 계산; 번역 품질과 원문 동일성은 검증하지 않음
all-the-mods-10_5.4_resourcepack.zip,moreoverlays,40,40,40,0,0,100.00,키 교집합만 계산; 번역 품질과 원문 동일성은 검증하지 않음
all-the-mods-10_5.4_resourcepack.zip,moonlight,88,46,45,43,1,51.14,키 교집합만 계산; 번역 품질과 원문 동일성은 검증하지 않음
all-the-mods-10_5.4_resourcepack.zip,modularrouters,371,2,0,371,2,0.00,키 교집합만 계산; 번역 품질과 원문 동일성은 검증하지 않음
all-the-mods-10_5.4_resourcepack.zip,modularbees,54,3,0,54,3,0.00,키 교집합만 계산; 번역 품질과 원문 동일성은 검증하지 않음
all-the-mods-10_5.4_resourcepack.zip,modonomicon,215,214,214,1,0,99.53,키 교집합만 계산; 번역 품질과 원문 동일성은 검증하지 않음
all-the-mods-10_5.4_resourcepack.zip,modern_industrialization,1767,1767,1767,0,0,100.00,키 교집합만 계산; 번역 품질과 원문 동일성은 검증하지 않음
all-the-mods-10_5.4_resourcepack.zip,modernfix,155,155,155,0,0,100.00,키 교집합만 계산; 번역 품질과 원문 동일성은 검증하지 않음
all-the-mods-10_5.4_resourcepack.zip,moderndynamics,72,72,72,0,0,100.00,키 교집합만 계산; 번역 품질과 원문 동일성은 검증하지 않음
all-the-mods-10_5.4_resourcepack.zip,mob_grinding_utils,146,146,146,0,0,100.00,키 교집합만 계산; 번역 품질과 원문 동일성은 검증하지 않음
all-the-mods-10_5.4_resourcepack.zip,mininggadgets,85,85,85,0,0,100.00,키 교집합만 계산; 번역 품질과 원문 동일성은 검증하지 않음
all-the-mods-10_5.4_resourcepack.zip,minecolonies,3817,3781,3774,43,7,98.87,키 교집합만 계산; 번역 품질과 원문 동일성은 검증하지 않음
all-the-mods-10_5.4_resourcepack.zip,mifa,3,3,3,0,0,100.00,키 교집합만 계산; 번역 품질과 원문 동일성은 검증하지 않음
all-the-mods-10_5.4_resourcepack.zip,mffs,181,181,181,0,0,100.00,키 교집합만 계산; 번역 품질과 원문 동일성은 검증하지 않음
all-the-mods-10_5.4_resourcepack.zip,merrymaking,472,6,0,472,6,0.00,키 교집합만 계산; 번역 품질과 원문 동일성은 검증하지 않음
all-the-mods-10_5.4_resourcepack.zip,merequester,27,27,27,0,0,100.00,키 교집합만 계산; 번역 품질과 원문 동일성은 검증하지 않음
all-the-mods-10_5.4_resourcepack.zip,memorysettings,8,8,8,0,0,100.00,키 교집합만 계산; 번역 품질과 원문 동일성은 검증하지 않음
all-the-mods-10_5.4_resourcepack.zip,mekmm,558,481,462,96,19,82.80,키 교집합만 계산; 번역 품질과 원문 동일성은 검증하지 않음
all-the-mods-10_5.4_resourcepack.zip,mekanisticrouters,13,13,13,0,0,100.00,키 교집합만 계산; 번역 품질과 원문 동일성은 검증하지 않음
all-the-mods-10_5.4_resourcepack.zip,mekanismtools,800,800,800,0,0,100.00,키 교집합만 계산; 번역 품질과 원문 동일성은 검증하지 않음
all-the-mods-10_5.4_resourcepack.zip,mekanismgenerators,364,364,364,0,0,100.00,키 교집합만 계산; 번역 품질과 원문 동일성은 검증하지 않음
all-the-mods-10_5.4_resourcepack.zip,mekanismcovers,3,3,3,0,0,100.00,키 교집합만 계산; 번역 품질과 원문 동일성은 검증하지 않음
all-the-mods-10_5.4_resourcepack.zip,mekanism,3239,3239,3239,0,0,100.00,키 교집합만 계산; 번역 품질과 원문 동일성은 검증하지 않음
all-the-mods-10_5.4_resourcepack.zip,megacells,134,128,128,6,0,95.52,키 교집합만 계산; 번역 품질과 원문 동일성은 검증하지 않음
all-the-mods-10_5.4_resourcepack.zip,measurements,15,15,15,0,0,100.00,키 교집합만 계산; 번역 품질과 원문 동일성은 검증하지 않음
all-the-mods-10_5.4_resourcepack.zip,mcwwindows,326,326,326,0,0,100.00,키 교집합만 계산; 번역 품질과 원문 동일성은 검증하지 않음
all-the-mods-10_5.4_resourcepack.zip,mcwtrpdoors,201,201,201,0,0,100.00,키 교집합만 계산; 번역 품질과 원문 동일성은 검증하지 않음
all-the-mods-10_5.4_resourcepack.zip,mcwstairs,228,228,228,0,0,100.00,키 교집합만 계산; 번역 품질과 원문 동일성은 검증하지 않음
all-the-mods-10_5.4_resourcepack.zip,mcwroofs,610,610,610,0,0,100.00,키 교집합만 계산; 번역 품질과 원문 동일성은 검증하지 않음
all-the-mods-10_5.4_resourcepack.zip,mcwpaths,318,318,318,0,0,100.00,키 교집합만 계산; 번역 품질과 원문 동일성은 검증하지 않음
all-the-mods-10_5.4_resourcepack.zip,mcwlights,146,146,146,0,0,100.00,키 교집합만 계산; 번역 품질과 원문 동일성은 검증하지 않음
all-the-mods-10_5.4_resourcepack.zip,mcwholidays,338,338,338,0,0,100.00,키 교집합만 계산; 번역 품질과 원문 동일성은 검증하지 않음
all-the-mods-10_5.4_resourcepack.zip,mcwfurnitures,661,661,661,0,0,100.00,키 교집합만 계산; 번역 품질과 원문 동일성은 검증하지 않음
all-the-mods-10_5.4_resourcepack.zip,mcwfences,184,184,184,0,0,100.00,키 교집합만 계산; 번역 품질과 원문 동일성은 검증하지 않음
all-the-mods-10_5.4_resourcepack.zip,mcwdoors,288,266,266,22,0,92.36,키 교집합만 계산; 번역 품질과 원문 동일성은 검증하지 않음
all-the-mods-10_5.4_resourcepack.zip,mcwbridges,156,150,150,6,0,96.15,키 교집합만 계산; 번역 품질과 원문 동일성은 검증하지 않음
all-the-mods-10_5.4_resourcepack.zip,mcjtylib,3,3,3,0,0,100.00,키 교집합만 계산; 번역 품질과 원문 동일성은 검증하지 않음
all-the-mods-10_5.4_resourcepack.zip,mahoutsukai,1923,1921,1921,2,0,99.90,키 교집합만 계산; 번역 품질과 원문 동일성은 검증하지 않음
all-the-mods-10_5.4_resourcepack.zip,luminax,193,193,193,0,0,100.00,키 교집합만 계산; 번역 품질과 원문 동일성은 검증하지 않음
all-the-mods-10_5.4_resourcepack.zip,lootr,217,162,159,58,3,73.27,키 교집합만 계산; 번역 품질과 원문 동일성은 검증하지 않음
all-the-mods-10_5.4_resourcepack.zip,lollipop,50,50,50,0,0,100.00,키 교집합만 계산; 번역 품질과 원문 동일성은 검증하지 않음
all-the-mods-10_5.4_resourcepack.zip,livingthings,106,3,0,106,3,0.00,키 교집합만 계산; 번역 품질과 원문 동일성은 검증하지 않음
all-the-mods-10_5.4_resourcepack.zip,little_big_redstone,293,213,209,84,4,71.33,키 교집합만 계산; 번역 품질과 원문 동일성은 검증하지 않음
all-the-mods-10_5.4_resourcepack.zip,lionfishapi,4,4,3,1,1,75.00,키 교집합만 계산; 번역 품질과 원문 동일성은 검증하지 않음
all-the-mods-10_5.4_resourcepack.zip,legendarytooltips,0,1,0,0,1,,키 교집합만 계산; 번역 품질과 원문 동일성은 검증하지 않음
all-the-mods-10_5.4_resourcepack.zip,laserio,95,4,0,95,4,0.00,키 교집합만 계산; 번역 품질과 원문 동일성은 검증하지 않음
all-the-mods-10_5.4_resourcepack.zip,laserbridges,7,7,7,0,0,100.00,키 교집합만 계산; 번역 품질과 원문 동일성은 검증하지 않음
all-the-mods-10_5.4_resourcepack.zip,kubejstweaks,4,4,4,0,0,100.00,키 교집합만 계산; 번역 품질과 원문 동일성은 검증하지 않음
all-the-mods-10_5.4_resourcepack.zip,keybindspurger,4,4,4,0,0,100.00,키 교집합만 계산; 번역 품질과 원문 동일성은 검증하지 않음
all-the-mods-10_5.4_resourcepack.zip,keybindbundles,26,26,26,0,0,100.00,키 교집합만 계산; 번역 품질과 원문 동일성은 검증하지 않음
all-the-mods-10_5.4_resourcepack.zip,justzoom,29,29,29,0,0,100.00,키 교집합만 계산; 번역 품질과 원문 동일성은 검증하지 않음
all-the-mods-10_5.4_resourcepack.zip,justenoughprofessions,1,1,1,0,0,100.00,키 교집합만 계산; 번역 품질과 원문 동일성은 검증하지 않음
all-the-mods-10_5.4_resourcepack.zip,justenoughbreeding,22,5,5,17,0,22.73,키 교집합만 계산; 번역 품질과 원문 동일성은 검증하지 않음
all-the-mods-10_5.4_resourcepack.zip,justdirethings,488,1,0,488,1,0.00,키 교집합만 계산; 번역 품질과 원문 동일성은 검증하지 않음
all-the-mods-10_5.4_resourcepack.zip,jupiter,45,19,16,29,3,35.56,키 교집합만 계산; 번역 품질과 원문 동일성은 검증하지 않음
all-the-mods-10_5.4_resourcepack.zip,journeymap,1378,1218,1213,165,5,88.03,키 교집합만 계산; 번역 품질과 원문 동일성은 검증하지 않음
all-the-mods-10_5.4_resourcepack.zip,jei_mekanism_multiblocks,77,62,62,15,0,80.52,키 교집합만 계산; 번역 품질과 원문 동일성은 검증하지 않음
all-the-mods-10_5.4_resourcepack.zip,jei,305,305,305,0,0,100.00,키 교집합만 계산; 번역 품질과 원문 동일성은 검증하지 않음
all-the-mods-10_5.4_resourcepack.zip,jearchaeology,156,23,23,133,0,14.74,키 교집합만 계산; 번역 품질과 원문 동일성은 검증하지 않음
all-the-mods-10_5.4_resourcepack.zip,jade,410,410,410,0,0,100.00,키 교집합만 계산; 번역 품질과 원문 동일성은 검증하지 않음
all-the-mods-10_5.4_resourcepack.zip,itemcollectors,15,15,15,0,0,100.00,키 교집합만 계산; 번역 품질과 원문 동일성은 검증하지 않음
all-the-mods-10_5.4_resourcepack.zip,irons_spellbooks,1298,7,0,1298,7,0.00,키 교집합만 계산; 번역 품질과 원문 동일성은 검증하지 않음
all-the-mods-10_5.4_resourcepack.zip,irons_jewelry,262,220,220,42,0,83.97,키 교집합만 계산; 번역 품질과 원문 동일성은 검증하지 않음
all-the-mods-10_5.4_resourcepack.zip,ironjetpacks,42,42,42,0,0,100.00,키 교집합만 계산; 번역 품질과 원문 동일성은 검증하지 않음
all-the-mods-10_5.4_resourcepack.zip,ironfurnaces,143,143,143,0,0,100.00,키 교집합만 계산; 번역 품질과 원문 동일성은 검증하지 않음
all-the-mods-10_5.4_resourcepack.zip,iris,73,73,73,0,0,100.00,키 교집합만 계산; 번역 품질과 원문 동일성은 검증하지 않음
all-the-mods-10_5.4_resourcepack.zip,invtweaks,4,4,4,0,0,100.00,키 교집합만 계산; 번역 품질과 원문 동일성은 검증하지 않음
all-the-mods-10_5.4_resourcepack.zip,interdimensionalwirelesstransmitter,10,10,10,0,0,100.00,키 교집합만 계산; 번역 품질과 원문 동일성은 검증하지 않음
all-the-mods-10_5.4_resourcepack.zip,integratedtunnels,487,487,487,0,0,100.00,키 교집합만 계산; 번역 품질과 원문 동일성은 검증하지 않음
all-the-mods-10_5.4_resourcepack.zip,integratedterminalscompat,19,12,12,7,0,63.16,키 교집합만 계산; 번역 품질과 원문 동일성은 검증하지 않음
all-the-mods-10_5.4_resourcepack.zip,integratedterminals,176,176,176,0,0,100.00,키 교집합만 계산; 번역 품질과 원문 동일성은 검증하지 않음
all-the-mods-10_5.4_resourcepack.zip,integratedscripting,167,167,167,0,0,100.00,키 교집합만 계산; 번역 품질과 원문 동일성은 검증하지 않음
all-the-mods-10_5.4_resourcepack.zip,integrateddynamicscompat,213,214,213,0,1,100.00,키 교집합만 계산; 번역 품질과 원문 동일성은 검증하지 않음
all-the-mods-10_5.4_resourcepack.zip,integrateddynamics,1776,1766,1766,10,0,99.44,키 교집합만 계산; 번역 품질과 원문 동일성은 검증하지 않음
all-the-mods-10_5.4_resourcepack.zip,integratedcrafting,110,110,110,0,0,100.00,키 교집합만 계산; 번역 품질과 원문 동일성은 검증하지 않음
all-the-mods-10_5.4_resourcepack.zip,industrialization_overdrive,30,29,29,1,0,96.67,키 교집합만 계산; 번역 품질과 원문 동일성은 검증하지 않음
all-the-mods-10_5.4_resourcepack.zip,industrialforegoingsouls,5,5,5,0,0,100.00,키 교집합만 계산; 번역 품질과 원문 동일성은 검증하지 않음
all-the-mods-10_5.4_resourcepack.zip,industrialforegoing,678,2,0,678,2,0.00,키 교집합만 계산; 번역 품질과 원문 동일성은 검증하지 않음
all-the-mods-10_5.4_resourcepack.zip,immersiveengineering,1952,1952,1952,0,0,100.00,키 교집합만 계산; 번역 품질과 원문 동일성은 검증하지 않음
all-the-mods-10_5.4_resourcepack.zip,immeng,4,4,4,0,0,100.00,키 교집합만 계산; 번역 품질과 원문 동일성은 검증하지 않음
all-the-mods-10_5.4_resourcepack.zip,imfast,3,3,3,0,0,100.00,키 교집합만 계산; 번역 품질과 원문 동일성은 검증하지 않음
all-the-mods-10_5.4_resourcepack.zip,iceandfire,1744,3,0,1744,3,0.00,키 교집합만 계산; 번역 품질과 원문 동일성은 검증하지 않음
all-the-mods-10_5.4_resourcepack.zip,hyperbox,0,14,0,0,14,,키 교집합만 계산; 번역 품질과 원문 동일성은 검증하지 않음
all-the-mods-10_5.4_resourcepack.zip,hostilenetworks,271,177,177,94,0,65.31,키 교집합만 계산; 번역 품질과 원문 동일성은 검증하지 않음
all-the-mods-10_5.4_resourcepack.zip,herbsandharvest,865,151,52,813,99,6.01,키 교집합만 계산; 번역 품질과 원문 동일성은 검증하지 않음
all-the-mods-10_5.4_resourcepack.zip,hardenedarmadillos,1,1,1,0,0,100.00,키 교집합만 계산; 번역 품질과 원문 동일성은 검증하지 않음
all-the-mods-10_5.4_resourcepack.zip,handcrafted,392,392,392,0,0,100.00,키 교집합만 계산; 번역 품질과 원문 동일성은 검증하지 않음
all-the-mods-10_5.4_resourcepack.zip,guideme,36,36,36,0,0,100.00,키 교집합만 계산; 번역 품질과 원문 동일성은 검증하지 않음
all-the-mods-10_5.4_resourcepack.zip,gmut,11,11,11,0,0,100.00,키 교집합만 계산; 번역 품질과 원문 동일성은 검증하지 않음
all-the-mods-10_5.4_resourcepack.zip,glassential,151,128,128,23,0,84.77,키 교집합만 계산; 번역 품질과 원문 동일성은 검증하지 않음
all-the-mods-10_5.4_resourcepack.zip,getittogetherdrops,4,4,4,0,0,100.00,키 교집합만 계산; 번역 품질과 원문 동일성은 검증하지 않음
all-the-mods-10_5.4_resourcepack.zip,generatorgalore,70,70,70,0,0,100.00,키 교집합만 계산; 번역 품질과 원문 동일성은 검증하지 않음
all-the-mods-10_5.4_resourcepack.zip,gateways,96,96,96,0,0,100.00,키 교집합만 계산; 번역 품질과 원문 동일성은 검증하지 않음
all-the-mods-10_5.4_resourcepack.zip,fusion,8,8,8,0,0,100.00,키 교집합만 계산; 번역 품질과 원문 동일성은 검증하지 않음
all-the-mods-10_5.4_resourcepack.zip,functionalstorage,157,157,157,0,0,100.00,키 교집합만 계산; 번역 품질과 원문 동일성은 검증하지 않음
all-the-mods-10_5.4_resourcepack.zip,ftbultimine,89,83,83,6,0,93.26,키 교집합만 계산; 번역 품질과 원문 동일성은 검증하지 않음
all-the-mods-10_5.4_resourcepack.zip,ftbteams,107,94,94,13,0,87.85,키 교집합만 계산; 번역 품질과 원문 동일성은 검증하지 않음
all-the-mods-10_5.4_resourcepack.zip,ftbquestslangsplitter,13,13,13,0,0,100.00,키 교집합만 계산; 번역 품질과 원문 동일성은 검증하지 않음
all-the-mods-10_5.4_resourcepack.zip,ftblibrary,113,111,111,2,0,98.23,키 교집합만 계산; 번역 품질과 원문 동일성은 검증하지 않음
all-the-mods-10_5.4_resourcepack.zip,ftbfiltersystem,65,65,65,0,0,100.00,키 교집합만 계산; 번역 품질과 원문 동일성은 검증하지 않음
all-the-mods-10_5.4_resourcepack.zip,ftbessentials,94,94,94,0,0,100.00,키 교집합만 계산; 번역 품질과 원문 동일성은 검증하지 않음
all-the-mods-10_5.4_resourcepack.zip,ftbchunks,344,334,203,141,131,59.01,키 교집합만 계산; 번역 품질과 원문 동일성은 검증하지 않음
all-the-mods-10_5.4_resourcepack.zip,framedblocks,436,432,432,4,0,99.08,키 교집합만 계산; 번역 품질과 원문 동일성은 검증하지 않음
all-the-mods-10_5.4_resourcepack.zip,formations,35,35,35,0,0,100.00,키 교집합만 계산; 번역 품질과 원문 동일성은 검증하지 않음
all-the-mods-10_5.4_resourcepack.zip,fluxnetworks,123,123,123,0,0,100.00,키 교집합만 계산; 번역 품질과 원문 동일성은 검증하지 않음
all-the-mods-10_5.4_resourcepack.zip,fireproofboats,4,4,4,0,0,100.00,키 교집합만 계산; 번역 품질과 원문 동일성은 검증하지 않음
all-the-mods-10_5.4_resourcepack.zip,fastbench,7,7,7,0,0,100.00,키 교집합만 계산; 번역 품질과 원문 동일성은 검증하지 않음
all-the-mods-10_5.4_resourcepack.zip,farmingforblockheads,55,47,30,25,17,54.55,키 교집합만 계산; 번역 품질과 원문 동일성은 검증하지 않음
all-the-mods-10_5.4_resourcepack.zip,farmersdelight,479,323,226,253,97,47.18,키 교집합만 계산; 번역 품질과 원문 동일성은 검증하지 않음
all-the-mods-10_5.4_resourcepack.zip,fancymenu,3367,2138,2070,1297,68,61.48,키 교집합만 계산; 번역 품질과 원문 동일성은 검증하지 않음
all-the-mods-10_5.4_resourcepack.zip,factory_blocks,101,101,101,0,0,100.00,키 교집합만 계산; 번역 품질과 원문 동일성은 검증하지 않음
all-the-mods-10_5.4_resourcepack.zip,extremesoundmuffler,77,76,76,1,0,98.70,키 교집합만 계산; 번역 품질과 원문 동일성은 검증하지 않음
all-the-mods-10_5.4_resourcepack.zip,extrastorage,46,46,46,0,0,100.00,키 교집합만 계산; 번역 품질과 원문 동일성은 검증하지 않음
all-the-mods-10_5.4_resourcepack.zip,extradisks,127,127,127,0,0,100.00,키 교집합만 계산; 번역 품질과 원문 동일성은 검증하지 않음
all-the-mods-10_5.4_resourcepack.zip,extended_industrialization,328,322,322,6,0,98.17,키 교집합만 계산; 번역 품질과 원문 동일성은 검증하지 않음
all-the-mods-10_5.4_resourcepack.zip,extendedae,253,239,239,14,0,94.47,키 교집합만 계산; 번역 품질과 원문 동일성은 검증하지 않음
all-the-mods-10_5.4_resourcepack.zip,explorerscompass,68,66,66,2,0,97.06,키 교집합만 계산; 번역 품질과 원문 동일성은 검증하지 않음
all-the-mods-10_5.4_resourcepack.zip,expandedae,69,69,69,0,0,100.00,키 교집합만 계산; 번역 품질과 원문 동일성은 검증하지 않음
all-the-mods-10_5.4_resourcepack.zip,evilcraftcompat,29,29,29,0,0,100.00,키 교집합만 계산; 번역 품질과 원문 동일성은 검증하지 않음
all-the-mods-10_5.4_resourcepack.zip,evilcraft,628,626,626,2,0,99.68,키 교집합만 계산; 번역 품질과 원문 동일성은 검증하지 않음
all-the-mods-10_5.4_resourcepack.zip,everythingcopper,356,356,356,0,0,100.00,키 교집합만 계산; 번역 품질과 원문 동일성은 검증하지 않음
all-the-mods-10_5.4_resourcepack.zip,eternal_starlight,1788,1599,1541,247,58,86.19,키 교집합만 계산; 번역 품질과 원문 동일성은 검증하지 않음
all-the-mods-10_5.4_resourcepack.zip,entangled,24,24,24,0,0,100.00,키 교집합만 계산; 번역 품질과 원문 동일성은 검증하지 않음
all-the-mods-10_5.4_resourcepack.zip,enderstorage,8,8,8,0,0,100.00,키 교집합만 계산; 번역 품질과 원문 동일성은 검증하지 않음
all-the-mods-10_5.4_resourcepack.zip,endermanoverhaul,135,131,130,5,1,96.30,키 교집합만 계산; 번역 품질과 원문 동일성은 검증하지 않음
all-the-mods-10_5.4_resourcepack.zip,enderdrives,42,42,42,0,0,100.00,키 교집합만 계산; 번역 품질과 원문 동일성은 검증하지 않음
all-the-mods-10_5.4_resourcepack.zip,enchdesc,182,182,182,0,0,100.00,키 교집합만 계산; 번역 품질과 원문 동일성은 검증하지 않음
all-the-mods-10_5.4_resourcepack.zip,embeddium,0,74,0,0,74,,키 교집합만 계산; 번역 품질과 원문 동일성은 검증하지 않음
all-the-mods-10_5.4_resourcepack.zip,elevatorid,29,29,29,0,0,100.00,키 교집합만 계산; 번역 품질과 원문 동일성은 검증하지 않음
all-the-mods-10_5.4_resourcepack.zip,easy_villagers,32,32,32,0,0,100.00,키 교집합만 계산; 번역 품질과 원문 동일성은 검증하지 않음
all-the-mods-10_5.4_resourcepack.zip,dysoncubeproject,34,19,19,15,0,55.88,키 교집합만 계산; 번역 품질과 원문 동일성은 검증하지 않음
all-the-mods-10_5.4_resourcepack.zip,dyenamicsandfriends,2090,2090,2090,0,0,100.00,키 교집합만 계산; 번역 품질과 원문 동일성은 검증하지 않음
all-the-mods-10_5.4_resourcepack.zip,dyenamics,253,253,253,0,0,100.00,키 교집합만 계산; 번역 품질과 원문 동일성은 검증하지 않음
all-the-mods-10_5.4_resourcepack.zip,dungeons_arise,119,119,119,0,0,100.00,키 교집합만 계산; 번역 품질과 원문 동일성은 검증하지 않음
all-the-mods-10_5.4_resourcepack.zip,dummmmmmy,7,7,7,0,0,100.00,키 교집합만 계산; 번역 품질과 원문 동일성은 검증하지 않음
all-the-mods-10_5.4_resourcepack.zip,drippyloadingscreen,45,45,45,0,0,100.00,키 교집합만 계산; 번역 품질과 원문 동일성은 검증하지 않음
all-the-mods-10_5.4_resourcepack.zip,draconicevolution,735,735,735,0,0,100.00,키 교집합만 계산; 번역 품질과 원문 동일성은 검증하지 않음
all-the-mods-10_5.4_resourcepack.zip,domum_ornamentum,214,212,212,2,0,99.07,키 교집합만 계산; 번역 품질과 원문 동일성은 검증하지 않음
all-the-mods-10_5.4_resourcepack.zip,disenchanting_table,2,2,2,0,0,100.00,키 교집합만 계산; 번역 품질과 원문 동일성은 검증하지 않음
all-the-mods-10_5.4_resourcepack.zip,dimstorage,36,36,36,0,0,100.00,키 교집합만 계산; 번역 품질과 원문 동일성은 검증하지 않음
all-the-mods-10_5.4_resourcepack.zip,deeperdarker,369,301,299,70,2,81.03,키 교집합만 계산; 번역 품질과 원문 동일성은 검증하지 않음
all-the-mods-10_5.4_resourcepack.zip,darkmodeeverywhere,24,24,24,0,0,100.00,키 교집합만 계산; 번역 품질과 원문 동일성은 검증하지 않음
all-the-mods-10_5.4_resourcepack.zip,cyclopscore,42,42,42,0,0,100.00,키 교집합만 계산; 번역 품질과 원문 동일성은 검증하지 않음
all-the-mods-10_5.4_resourcepack.zip,curios,48,48,48,0,0,100.00,키 교집합만 계산; 번역 품질과 원문 동일성은 검증하지 않음
all-the-mods-10_5.4_resourcepack.zip,cucumber,16,16,16,0,0,100.00,키 교집합만 계산; 번역 품질과 원문 동일성은 검증하지 않음
all-the-mods-10_5.4_resourcepack.zip,ctov,74,74,74,0,0,100.00,키 교집합만 계산; 번역 품질과 원문 동일성은 검증하지 않음
all-the-mods-10_5.4_resourcepack.zip,ctm,7,7,7,0,0,100.00,키 교집합만 계산; 번역 품질과 원문 동일성은 검증하지 않음
all-the-mods-10_5.4_resourcepack.zip,crystalix,59,203,43,16,160,72.88,키 교집합만 계산; 번역 품질과 원문 동일성은 검증하지 않음
all-the-mods-10_5.4_resourcepack.zip,cristellib,4,4,4,0,0,100.00,키 교집합만 계산; 번역 품질과 원문 동일성은 검증하지 않음
all-the-mods-10_5.4_resourcepack.zip,creeperoverhaul,62,62,62,0,0,100.00,키 교집합만 계산; 번역 품질과 원문 동일성은 검증하지 않음
all-the-mods-10_5.4_resourcepack.zip,create_hypertube,55,30,30,25,0,54.55,키 교집합만 계산; 번역 품질과 원문 동일성은 검증하지 않음
all-the-mods-10_5.4_resourcepack.zip,create_enchantment_industry,565,242,241,324,1,42.65,키 교집합만 계산; 번역 품질과 원문 동일성은 검증하지 않음
all-the-mods-10_5.4_resourcepack.zip,create_dragons_plus,352,133,133,219,0,37.78,키 교집합만 계산; 번역 품질과 원문 동일성은 검증하지 않음
all-the-mods-10_5.4_resourcepack.zip,create_aquatic_ambitions,39,39,39,0,0,100.00,키 교집합만 계산; 번역 품질과 원문 동일성은 검증하지 않음
all-the-mods-10_5.4_resourcepack.zip,createaddition,261,260,260,1,0,99.62,키 교집합만 계산; 번역 품질과 원문 동일성은 검증하지 않음
all-the-mods-10_5.4_resourcepack.zip,create,3639,3628,3625,14,3,99.62,키 교집합만 계산; 번역 품질과 원문 동일성은 검증하지 않음
all-the-mods-10_5.4_resourcepack.zip,crashutilities,4,4,4,0,0,100.00,키 교집합만 계산; 번역 품질과 원문 동일성은 검증하지 않음
all-the-mods-10_5.4_resourcepack.zip,crafting_on_a_stick,14,13,13,1,0,92.86,키 교집합만 계산; 번역 품질과 원문 동일성은 검증하지 않음
all-the-mods-10_5.4_resourcepack.zip,craftingtweaks,40,37,22,18,15,55.00,키 교집합만 계산; 번역 품질과 원문 동일성은 검증하지 않음
all-the-mods-10_5.4_resourcepack.zip,cosmeticarmorreworked,5,5,5,0,0,100.00,키 교집합만 계산; 번역 품질과 원문 동일성은 검증하지 않음
all-the-mods-10_5.4_resourcepack.zip,cookingforblockheads,260,258,231,29,27,88.85,키 교집합만 계산; 번역 품질과 원문 동일성은 검증하지 않음
all-the-mods-10_5.4_resourcepack.zip,controlling,12,12,12,0,0,100.00,키 교집합만 계산; 번역 품질과 원문 동일성은 검증하지 않음
all-the-mods-10_5.4_resourcepack.zip,constructionstick,142,141,141,1,0,99.30,키 교집합만 계산; 번역 품질과 원문 동일성은 검증하지 않음
all-the-mods-10_5.4_resourcepack.zip,connectedglass,120,120,120,0,0,100.00,키 교집합만 계산; 번역 품질과 원문 동일성은 검증하지 않음
all-the-mods-10_5.4_resourcepack.zip,computercraft,238,235,235,3,0,98.74,키 교집합만 계산; 번역 품질과 원문 동일성은 검증하지 않음
all-the-mods-10_5.4_resourcepack.zip,compactmachines,58,58,58,0,0,100.00,키 교집합만 계산; 번역 품질과 원문 동일성은 검증하지 않음
all-the-mods-10_5.4_resourcepack.zip,commoncapabilities,10,10,10,0,0,100.00,키 교집합만 계산; 번역 품질과 원문 동일성은 검증하지 않음
all-the-mods-10_5.4_resourcepack.zip,comforts,83,83,83,0,0,100.00,키 교집합만 계산; 번역 품질과 원문 동일성은 검증하지 않음
all-the-mods-10_5.4_resourcepack.zip,colorwheel,22,21,21,1,0,95.45,키 교집합만 계산; 번역 품질과 원문 동일성은 검증하지 않음
all-the-mods-10_5.4_resourcepack.zip,colorfulhearts,14,14,14,0,0,100.00,키 교집합만 계산; 번역 품질과 원문 동일성은 검증하지 않음
all-the-mods-10_5.4_resourcepack.zip,codechickenlib,18,18,18,0,0,100.00,키 교집합만 계산; 번역 품질과 원문 동일성은 검증하지 않음
all-the-mods-10_5.4_resourcepack.zip,cobblegengalore,10,10,10,0,0,100.00,키 교집합만 계산; 번역 품질과 원문 동일성은 검증하지 않음
all-the-mods-10_5.4_resourcepack.zip,cloudglass,17,17,17,0,0,100.00,키 교집합만 계산; 번역 품질과 원문 동일성은 검증하지 않음
all-the-mods-10_5.4_resourcepack.zip,cloth-config2,49,49,49,0,0,100.00,키 교집합만 계산; 번역 품질과 원문 동일성은 검증하지 않음
all-the-mods-10_5.4_resourcepack.zip,chromacarvings,65,65,65,0,0,100.00,키 교집합만 계산; 번역 품질과 원문 동일성은 검증하지 않음
all-the-mods-10_5.4_resourcepack.zip,chisel,2774,2774,2774,0,0,100.00,키 교집합만 계산; 번역 품질과 원문 동일성은 검증하지 않음
all-the-mods-10_5.4_resourcepack.zip,chipped,7265,7265,7265,0,0,100.00,키 교집합만 계산; 번역 품질과 원문 동일성은 검증하지 않음
all-the-mods-10_5.4_resourcepack.zip,charginggadgets,5,5,5,0,0,100.00,키 교집합만 계산; 번역 품질과 원문 동일성은 검증하지 않음
all-the-mods-10_5.4_resourcepack.zip,cataclysm,735,700,700,35,0,95.24,키 교집합만 계산; 번역 품질과 원문 동일성은 검증하지 않음
all-the-mods-10_5.4_resourcepack.zip,camol,10,10,10,0,0,100.00,키 교집합만 계산; 번역 품질과 원문 동일성은 검증하지 않음
all-the-mods-10_5.4_resourcepack.zip,caelus,2,2,2,0,0,100.00,키 교집합만 계산; 번역 품질과 원문 동일성은 검증하지 않음
all-the-mods-10_5.4_resourcepack.zip,cabletiers,190,190,190,0,0,100.00,키 교집합만 계산; 번역 품질과 원문 동일성은 검증하지 않음
all-the-mods-10_5.4_resourcepack.zip,bwncr,18,18,18,0,0,100.00,키 교집합만 계산; 번역 품질과 원문 동일성은 검증하지 않음
all-the-mods-10_5.4_resourcepack.zip,buildinggadgets2,112,112,112,0,0,100.00,키 교집합만 계산; 번역 품질과 원문 동일성은 검증하지 않음
all-the-mods-10_5.4_resourcepack.zip,bridgingmod,96,96,96,0,0,100.00,키 교집합만 계산; 번역 품질과 원문 동일성은 검증하지 않음
all-the-mods-10_5.4_resourcepack.zip,brandonscore,102,102,102,0,0,100.00,키 교집합만 계산; 번역 품질과 원문 동일성은 검증하지 않음
all-the-mods-10_5.4_resourcepack.zip,botanypots,238,238,238,0,0,100.00,키 교집합만 계산; 번역 품질과 원문 동일성은 검증하지 않음
all-the-mods-10_5.4_resourcepack.zip,bookshelf,208,208,208,0,0,100.00,키 교집합만 계산; 번역 품질과 원문 동일성은 검증하지 않음
all-the-mods-10_5.4_resourcepack.zip,blockui,8,8,8,0,0,100.00,키 교집합만 계산; 번역 품질과 원문 동일성은 검증하지 않음
all-the-mods-10_5.4_resourcepack.zip,biomeswevegone,1169,1169,1169,0,0,100.00,키 교집합만 계산; 번역 품질과 원문 동일성은 검증하지 않음
all-the-mods-10_5.4_resourcepack.zip,bigreactors,522,1,0,522,1,0.00,키 교집합만 계산; 번역 품질과 원문 동일성은 검증하지 않음
all-the-mods-10_5.4_resourcepack.zip,bibliowoods,10833,7379,7222,3611,157,66.67,키 교집합만 계산; 번역 품질과 원문 동일성은 검증하지 않음
all-the-mods-10_5.4_resourcepack.zip,bibliocraft,2021,2021,2021,0,0,100.00,키 교집합만 계산; 번역 품질과 원문 동일성은 검증하지 않음
all-the-mods-10_5.4_resourcepack.zip,bibliobiomes,9577,9577,9577,0,0,100.00,키 교집합만 계산; 번역 품질과 원문 동일성은 검증하지 않음
all-the-mods-10_5.4_resourcepack.zip,bhc,66,39,39,27,0,59.09,키 교집합만 계산; 번역 품질과 원문 동일성은 검증하지 않음
all-the-mods-10_5.4_resourcepack.zip,betterwitchhuts,4,4,4,0,0,100.00,키 교집합만 계산; 번역 품질과 원문 동일성은 검증하지 않음
all-the-mods-10_5.4_resourcepack.zip,betterstrongholds,11,11,11,0,0,100.00,키 교집합만 계산; 번역 품질과 원문 동일성은 검증하지 않음
all-the-mods-10_5.4_resourcepack.zip,betteroceanmonuments,4,4,4,0,0,100.00,키 교집합만 계산; 번역 품질과 원문 동일성은 검증하지 않음
all-the-mods-10_5.4_resourcepack.zip,bettermineshafts,60,60,60,0,0,100.00,키 교집합만 계산; 번역 품질과 원문 동일성은 검증하지 않음
all-the-mods-10_5.4_resourcepack.zip,betterjungletemples,11,11,11,0,0,100.00,키 교집합만 계산; 번역 품질과 원문 동일성은 검증하지 않음
all-the-mods-10_5.4_resourcepack.zip,betterfortresses,4,4,4,0,0,100.00,키 교집합만 계산; 번역 품질과 원문 동일성은 검증하지 않음
all-the-mods-10_5.4_resourcepack.zip,betterendisland,13,13,13,0,0,100.00,키 교집합만 계산; 번역 품질과 원문 동일성은 검증하지 않음
all-the-mods-10_5.4_resourcepack.zip,betterdungeons,86,86,86,0,0,100.00,키 교집합만 계산; 번역 품질과 원문 동일성은 검증하지 않음
all-the-mods-10_5.4_resourcepack.zip,betterdeserttemples,13,13,13,0,0,100.00,키 교집합만 계산; 번역 품질과 원문 동일성은 검증하지 않음
all-the-mods-10_5.4_resourcepack.zip,betteradvancements,1,1,1,0,0,100.00,키 교집합만 계산; 번역 품질과 원문 동일성은 검증하지 않음
all-the-mods-10_5.4_resourcepack.zip,bellsandwhistles,39,39,39,0,0,100.00,키 교집합만 계산; 번역 품질과 원문 동일성은 검증하지 않음
all-the-mods-10_5.4_resourcepack.zip,bcc,2,2,2,0,0,100.00,키 교집합만 계산; 번역 품질과 원문 동일성은 검증하지 않음
all-the-mods-10_5.4_resourcepack.zip,balm,36,47,36,0,11,100.00,키 교집합만 계산; 번역 품질과 원문 동일성은 검증하지 않음
all-the-mods-10_5.4_resourcepack.zip,auroras,1,1,1,0,0,100.00,키 교집합만 계산; 번역 품질과 원문 동일성은 검증하지 않음
all-the-mods-10_5.4_resourcepack.zip,artifacts,443,441,441,2,0,99.55,키 교집합만 계산; 번역 품질과 원문 동일성은 검증하지 않음
all-the-mods-10_5.4_resourcepack.zip,ars_unification,11,11,11,0,0,100.00,키 교집합만 계산; 번역 품질과 원문 동일성은 검증하지 않음
all-the-mods-10_5.4_resourcepack.zip,ars_technica,169,116,116,53,0,68.64,키 교집합만 계산; 번역 품질과 원문 동일성은 검증하지 않음
all-the-mods-10_5.4_resourcepack.zip,ars_ocultas,1,1,1,0,0,100.00,키 교집합만 계산; 번역 품질과 원문 동일성은 검증하지 않음
all-the-mods-10_5.4_resourcepack.zip,ars_nouveau,2364,2,0,2364,2,0.00,키 교집합만 계산; 번역 품질과 원문 동일성은 검증하지 않음
all-the-mods-10_5.4_resourcepack.zip,ars_elemental,666,555,554,112,1,83.18,키 교집합만 계산; 번역 품질과 원문 동일성은 검증하지 않음
all-the-mods-10_5.4_resourcepack.zip,ars_elemancy,195,97,90,105,7,46.15,키 교집합만 계산; 번역 품질과 원문 동일성은 검증하지 않음
all-the-mods-10_5.4_resourcepack.zip,ars_creo,18,18,18,0,0,100.00,키 교집합만 계산; 번역 품질과 원문 동일성은 검증하지 않음
all-the-mods-10_5.4_resourcepack.zip,ars_controle,83,83,83,0,0,100.00,키 교집합만 계산; 번역 품질과 원문 동일성은 검증하지 않음
all-the-mods-10_5.4_resourcepack.zip,ars_additions,235,194,186,49,8,79.15,키 교집합만 계산; 번역 품질과 원문 동일성은 검증하지 않음
all-the-mods-10_5.4_resourcepack.zip,arseng,17,17,17,0,0,100.00,키 교집합만 계산; 번역 품질과 원문 동일성은 검증하지 않음
all-the-mods-10_5.4_resourcepack.zip,aquaculture,291,291,291,0,0,100.00,키 교집합만 계산; 번역 품질과 원문 동일성은 검증하지 않음
all-the-mods-10_5.4_resourcepack.zip,appmek,15,15,15,0,0,100.00,키 교집합만 계산; 번역 품질과 원문 동일성은 검증하지 않음
all-the-mods-10_5.4_resourcepack.zip,appleskin,22,22,22,0,0,100.00,키 교집합만 계산; 번역 품질과 원문 동일성은 검증하지 않음
all-the-mods-10_5.4_resourcepack.zip,appflux,57,57,57,0,0,100.00,키 교집합만 계산; 번역 품질과 원문 동일성은 검증하지 않음
all-the-mods-10_5.4_resourcepack.zip,apothic_spawners,89,89,89,0,0,100.00,키 교집합만 계산; 번역 품질과 원문 동일성은 검증하지 않음
all-the-mods-10_5.4_resourcepack.zip,apothic_enchanting,415,415,415,0,0,100.00,키 교집합만 계산; 번역 품질과 원문 동일성은 검증하지 않음
all-the-mods-10_5.4_resourcepack.zip,apothic_attributes,159,159,159,0,0,100.00,키 교집합만 계산; 번역 품질과 원문 동일성은 검증하지 않음
all-the-mods-10_5.4_resourcepack.zip,apotheosis,739,4,0,739,4,0.00,키 교집합만 계산; 번역 품질과 원문 동일성은 검증하지 않음
all-the-mods-10_5.4_resourcepack.zip,amendments,107,93,93,14,0,86.92,키 교집합만 계산; 번역 품질과 원문 동일성은 검증하지 않음
all-the-mods-10_5.4_resourcepack.zip,almostunified,6,6,6,0,0,100.00,키 교집합만 계산; 번역 품질과 원문 동일성은 검증하지 않음
all-the-mods-10_5.4_resourcepack.zip,allthewizardgear,16,16,16,0,0,100.00,키 교집합만 계산; 번역 품질과 원문 동일성은 검증하지 않음
all-the-mods-10_5.4_resourcepack.zip,allthetweaks,26,26,26,0,0,100.00,키 교집합만 계산; 번역 품질과 원문 동일성은 검증하지 않음
all-the-mods-10_5.4_resourcepack.zip,alltheores,516,516,516,0,0,100.00,키 교집합만 계산; 번역 품질과 원문 동일성은 검증하지 않음
all-the-mods-10_5.4_resourcepack.zip,allthemodium,306,3,0,306,3,0.00,키 교집합만 계산; 번역 품질과 원문 동일성은 검증하지 않음
all-the-mods-10_5.4_resourcepack.zip,allthecompressed,1796,1670,1670,126,0,92.98,키 교집합만 계산; 번역 품질과 원문 동일성은 검증하지 않음
all-the-mods-10_5.4_resourcepack.zip,allthearcanistgear,28,28,28,0,0,100.00,키 교집합만 계산; 번역 품질과 원문 동일성은 검증하지 않음
all-the-mods-10_5.4_resourcepack.zip,akashictome,11,11,11,0,0,100.00,키 교집합만 계산; 번역 품질과 원문 동일성은 검증하지 않음
all-the-mods-10_5.4_resourcepack.zip,aether,1238,137,0,1238,137,0.00,키 교집합만 계산; 번역 품질과 원문 동일성은 검증하지 않음
all-the-mods-10_5.4_resourcepack.zip,aeinfinitybooster,4,4,4,0,0,100.00,키 교집합만 계산; 번역 품질과 원문 동일성은 검증하지 않음
all-the-mods-10_5.4_resourcepack.zip,ae2wtlib,46,43,43,3,0,93.48,키 교집합만 계산; 번역 품질과 원문 동일성은 검증하지 않음
all-the-mods-10_5.4_resourcepack.zip,ae2netanalyser,38,25,24,14,1,63.16,키 교집합만 계산; 번역 품질과 원문 동일성은 검증하지 않음
all-the-mods-10_5.4_resourcepack.zip,ae2importexportcard,5,5,5,0,0,100.00,키 교집합만 계산; 번역 품질과 원문 동일성은 검증하지 않음
all-the-mods-10_5.4_resourcepack.zip,ae2ct,19,19,19,0,0,100.00,키 교집합만 계산; 번역 품질과 원문 동일성은 검증하지 않음
all-the-mods-10_5.4_resourcepack.zip,ae2,1021,1021,1021,0,0,100.00,키 교집합만 계산; 번역 품질과 원문 동일성은 검증하지 않음
all-the-mods-10_5.4_resourcepack.zip,advanced_ae,246,246,246,0,0,100.00,키 교집합만 계산; 번역 품질과 원문 동일성은 검증하지 않음
all-the-mods-10_5.4_resourcepack.zip,advancedperipherals,89,3,0,89,3,0.00,키 교집합만 계산; 번역 품질과 원문 동일성은 검증하지 않음
all-the-mods-10_5.4_resourcepack.zip,additional_lights,157,157,157,0,0,100.00,키 교집합만 계산; 번역 품질과 원문 동일성은 검증하지 않음
all-the-mods-10_5.4_resourcepack.zip,actuallyadditions,1026,5,0,1026,5,0.00,키 교집합만 계산; 번역 품질과 원문 동일성은 검증하지 않음
